row_uid,업체명 (Eng),업체,국가/지역,행정구역,주소,위도,경도,STD 업체명,STD 주소,표준화,표준 위도,표준 경도,addressComponents,기업식별 코드,Duns No.
R000,AUTO SENSOR KOREA,,KR:한국,09:Gyeonggi-do,경기도 수원시 영통구 중부대로448번길 97,37.2664485,127.0594727,AUTO SENSOR KOREA,"South Korea, Gyeonggi-do, Suwon, Yeongtong-gu, 원천동 471",검증 완료,37.266449,127.059473,"[{""types"": [""premise""], ""long_text"": ""471"", ""short_text"": ""471"", ""language_code"": ""en-US"", ""source_api"": ""places_new""}, {""types"": [""sublocality_level_2"", ""sublocality"", ""political""], ""long_text"": ""원천동"", ""short_text"": ""원천동"", ""language_code"": ""ko"", ""source_api"": ""places_new""}, {""types"": [""sublocality_level_1"", ""sublocality"", ""political""], ""long_text"": ""Yeongtong-gu"", ""short_text"": ""Yeongtong-gu"", ""language_code"": ""en"", ""source_api"": ""places_new""}, {""types"": [""locality"", ""political""], ""long_text"": ""Suwon"", ""short_text"": ""Suwon"", ""language_code"": ""ko-Latn"", ""source_api"": ""places_new""}, {""types"": [""administrative_area_level_1"", ""political""], ""long_text"": ""Gyeonggi-do"", ""short_text"": ""Gyeonggi-do"", ""language_code"": ""en"", ""source_api"": ""places_new""}, {""types"": [""country"", ""political""], ""long_text"": ""South Korea"", ""short_text"": ""KR"", ""language_code"": ""en"", ""source_api"": ""places_new""}, {""types"": [""postal_code""], ""long_text"": ""16521"", ""short_text"": ""16521"", ""language_code"": ""en-US"", ""source_api"": ""places_new""}]",71BE19,85-240-2759
R001,HANA TECH,,KR:한국,13:Seoul,서울특별시 서초구 양재동 302-3,37.4743262,127.04531,HANA TECH,"302-3 Yangjae-dong, Seocho District, Seoul, South Korea",확인 필요,37.474326,127.045310,"[{""types"": [""premise""], ""long_text"": ""302-3"", ""short_text"": ""302-3"", ""language_code"": null, ""source_api"": ""geocoding""}, {""types"": [""political"", ""sublocality"", ""sublocality_level_2""], ""long_text"": ""Yangjae-dong"", ""short_text"": ""Yangjae-dong"", ""language_code"": null, ""source_api"": ""geocoding""}, {""types"": [""political"", ""sublocality"", ""sublocality_level_1""], ""long_text"": ""Seocho District"", ""short_text"": ""Seocho District"", ""language_code"": null, ""source_api"": ""geocoding""}, {""types"": [""administrative_area_level_1"", ""political""], ""long_text"": ""Seoul"", ""short_text"": ""Seoul"", ""language_code"": null, ""source_api"": ""geocoding""}, {""types"": [""country"", ""political""], ""long_text"": ""South Korea"", ""short_text"": ""KR"", ""language_code"": null, ""source_api"": ""geocoding""}, {""types"": [""postal_code""], ""long_text"": ""06781"", ""short_text"": ""06781"", ""language_code"": null, ""source_api"": ""geocoding""}]",2EB718,44-781-9925
R002,"Suzhou Kematek, Inc.",,CN:중국,100:Jiangsu,1 San Qian Road Suzhou Gaoxin District,31.4,120.17,Suzhou Kematek,"China, Su Zhou Shi, Hu Qiu Qu, CN 江苏省 苏州市 虎丘区 漓江路 58 58号苏州科技城工业坊B区6栋 邮政编码: 215163",검증 완료,31.362200,120.415390,"[{""types"": [], ""long_text"": ""CN 江苏省 苏州市 虎丘区 漓江路 58 58号苏州科技城工业坊B区6栋"", ""short_text"": """", ""language_code"": ""zh"", ""source_api"": ""places_new""}, {""types"": [""country"", ""political""], ""long_text"": ""China"", ""short_text"": ""CN"", ""language_code"": ""en"", ""source_api"": ""places_new""}, {""types"": [""sublocality_level_1"", ""sublocality"", ""political""], ""long_text"": ""Hu Qiu Qu"", ""short_text"": ""Hu Qiu Qu"", ""language_code"": ""zh-Latn"", ""source_api"": ""places_new""}, {""types"": [""locality"", ""political""], ""long_text"": ""Su Zhou Shi"", ""short_text"": ""Su Zhou Shi"", ""language_code"": ""zh-Latn"", ""source_api"": ""places_new""}, {""types"": [""postal_code""], ""long_text"": ""215163"", ""short_text"": ""215163"", ""language_code"": ""en-US"", ""source_api"": ""places_new""}]",2D9E7F,24-399-7234
R003,APO(INDIUM CORPORATION OF AMERICA),,SG:싱가포르,99:Singapore (General),"Unnamed Road, Singapore, Singapore",1.26332535748932,103.875732421875,APO(INDIUM ORATION OF AMERICA),Singapore,확인 필요,1.352083,103.819836,"[{""types"": [""country"", ""political""], ""long_text"": ""Singapore"", ""short_text"": ""SG"", ""language_code"": null, ""source_api"": ""geocoding""}]",C93B0C,93-131-7142
R004,Samutsakorn,,TH:태국,58:Samut Sakhon,"ถนน ศรีสุริฉัน, Tambon Khok Kham, Amphoe Mueang Samut Sakhon, Chang Wat Samut Sakhon, Thailand, 74000",13.5758798065832,100.333531977028,Samutsakorn,"ถนน ศรีสุริฉัน Tambon Khok Kham, Amphoe Mueang Samut Sakhon, Chang Wat Samut Sakhon 74000, Thailand",확인 필요,13.575960,100.336368,"[{""types"": [""route""], ""long_text"": ""ถนน ศรีสุริฉัน"", ""short_text"": ""ถนน ศรีสุริฉัน"", ""language_code"": null, ""source_api"": ""geocoding""}, {""types"": [""locality"", ""political""], ""long_text"": ""Tambon Khok Kham"", ""short_text"": ""ต.โคกขาม"", ""language_code"": null, ""source_api"": ""geocoding""}, {""types"": [""administrative_area_level_2"", ""political""], ""long_text"": ""Amphoe Mueang Samut Sakhon"", ""short_text"": ""อ. เมือง สมุทรสาคร"", ""language_code"": null, ""source_api"": ""geocoding""}, {""types"": [""administrative_area_level_1"", ""political""], ""long_text"": ""Chang Wat Samut Sakhon"", ""short_text"": ""จ.สมุทรสาคร"", ""language_code"": null, ""source_api"": ""geocoding""}, {""types"": [""country"", ""political""], ""long_text"": ""Thailand"", ""short_text"": ""TH"", ""language_code"": null, ""source_api"": ""geocoding""}, {""types"": [""postal_code""], ""long_text"": ""74000"", ""short_text"": ""74000"", ""language_code"": null, ""source_api"": ""geocoding""}]",924B14,65-659-9841
R005,Mattson Technology,,CN:중국,010:Beijing,"Jing Hai Qu, Tian Jin Shi, China, 301609",38.94858178451374,116.974683552156,Mattson Technology,"47131 Bayside Pkwy, Fremont, CA 94538, USA",검증 완료,37.475363,-121.937337,"[{""types"": [""street_number""], ""long_text"": ""47131"", ""short_text"": ""47131"", ""language_code"": ""en-US"", ""source_api"": ""places_new""}, {""types"": [""route""], ""long_text"": ""Bayside Parkway"", ""short_text"": ""Bayside Pkwy"", ""language_code"": ""en"", ""source_api"": ""places_new""}, {""types"": [""neighborhood"", ""political""], ""long_text"": ""Baylands"", ""short_text"": ""Baylands"", ""language_code"": ""en"", ""source_api"": ""places_new""}, {""types"": [""locality"", ""political""], ""long_text"": ""Fremont"", ""short_text"": ""Fremont"", ""language_code"": ""en"", ""source_api"": ""places_new""}, {""types"": [""administrative_area_level_2"", ""political""], ""long_text"": ""Alameda County"", ""short_text"": ""Alameda County"", ""language_code"": ""en"", ""source_api"": ""places_new""}, {""types"": [""administrative_area_level_1"", ""political""], ""long_text"": ""California"", ""short_text"": ""CA"", ""language_code"": ""en"", ""source_api"": ""places_new""}, {""types"": [""country"", ""political""], ""long_text"": ""United States"", ""short_text"": ""US"", ""language_code"": ""en"", ""source_api"": ""places_new""}, {""types"": [""postal_code""], ""long_text"": ""94538"", ""short_text"": ""94538"", ""language_code"": ""en-US"", ""source_api"": ""places_new""}, {""types"": [""postal_code_suffix""], ""long_text"": ""6517"", ""short_text"": ""6517"", ""language_code"": ""en-US"", ""source_api"": ""places_new""}]",6183D0,49-256-8393
R006,Gu Xuan,,CN:중국,250:Shaanxi,,34.430609,108.806889,Gu Xuan,"7RVP+4JH, Xi An Gao Jia Kuai Su Gan Dao, Wei Yang Qu, Xi An Shi, Shan Xi Sheng, China, 710086",검증 완료,34.292820,108.836599,"[{""types"": [""plus_code""], ""long_text"": ""7RVP+4JH"", ""short_text"": ""7RVP+4JH"", ""language_code"": ""en-US"", ""source_api"": ""places_new""}, {""types"": [""route""], ""long_text"": ""Xi An Gao Jia Kuai Su Gan Dao"", ""short_text"": ""Xi An Gao Jia Kuai Su Gan Dao"", ""language_code"": ""zh-Latn"", ""source_api"": ""places_new""}, {""types"": [""sublocality_level_1"", ""sublocality"", ""political""], ""long_text"": ""Wei Yang Qu"", ""short_text"": ""Wei Yang Qu"", ""language_code"": ""zh-Latn"", ""source_api"": ""places_new""}, {""types"": [""locality"", ""political""], ""long_text"": ""Xi An Shi"", ""short_text"": ""Xi An Shi"", ""language_code"": ""zh-Latn"", ""source_api"": ""places_new""}, {""types"": [""administrative_area_level_1"", ""political""], ""long_text"": ""Shan Xi Sheng"", ""short_text"": ""Shan Xi Sheng"", ""language_code"": ""zh-Latn"", ""source_api"": ""places_new""}, {""types"": [""country"", ""political""], ""long_text"": ""China"", ""short_text"": ""CN"", ""language_code"": ""en"", ""source_api"": ""places_new""}, {""types"": [""postal_code""], ""long_text"": ""710086"", ""short_text"": ""710086"", ""language_code"": ""en-US"", ""source_api"": ""places_new""}]",659A06,72-618-9547
R007,"Honeywell Automation and Control Solution(China) Co.,Ltd.",,CN:중국,020:Shanghai,FUTE NORTH ROAD NO.456 5F A2 ROOM SHANGHAI PILOT FREE TRADE ZONE,31.089126813768,121.940074704927,Honeywell Automation and Control Solution(China),"Shanghai, China",확인 필요,31.230416,121.473701,"[{""types"": [""locality"", ""political""], ""long_text"": ""Shanghai"", ""short_text"": ""Shanghai"", ""language_code"": null, ""source_api"": ""geocoding""}, {""types"": [""administrative_area_level_1"", ""political""], ""long_text"": ""Shanghai"", ""short_text"": ""Shanghai"", ""language_code"": null, ""source_api"": ""geocoding""}, {""types"": [""country"", ""political""], ""long_text"": ""China"", ""short_text"": ""CN"", ""language_code"": null, ""source_api"": ""geocoding""}]",7AE3C1,14-033-4917
R008,"CINOS(CX1,CX2)",,CN:중국,250:Shaanxi,"중국 Shan Xi Sheng, Xi An Shi, Ba Qiao Qu, 亚洲道93WF+8X9 邮政编码: 710027",34.395799,109.074973,"CINOS(CX1,CX2)","China, Shan Xi Sheng, Xi An Shi, Ba Qiao Qu, 亚洲道93WG+FFR 邮政编码: 710027",확인 필요,34.396238,109.076148,"[{""types"": [""plus_code""], ""long_text"": ""93WG+FFR"", ""short_text"": ""93WG+FFR"", ""language_code"": null, ""source_api"": ""geocoding""}, {""types"": [""route""], ""long_text"": ""亚洲道"", ""short_text"": ""亚洲道"", ""language_code"": null, ""source_api"": ""geocoding""}, {""types"": [""political"", ""sublocality"", ""sublocality_level_1""], ""long_text"": ""Ba Qiao Qu"", ""short_text"": ""Ba Qiao Qu"", ""language_code"": null, ""source_api"": ""geocoding""}, {""types"": [""locality"", ""political""], ""long_text"": ""Xi An Shi"", ""short_text"": ""Xi An Shi"", ""language_code"": null, ""source_api"": ""geocoding""}, {""types"": [""administrative_area_level_1"", ""political""], ""long_text"": ""Shan Xi Sheng"", ""short_text"": ""Shan Xi Sheng"", ""language_code"": null, ""source_api"": ""geocoding""}, {""types"": [""country"", ""political""], ""long_text"": ""China"", ""short_text"": ""CN"", ""language_code"": null, ""source_api"": ""geocoding""}, {""types"": [""postal_code""], ""long_text"": ""710027"", ""short_text"": ""710027"", ""language_code"": null, ""source_api"": ""geocoding""}]",DE7DA2,39-370-4259
R009,제일써보테크,,KR:한국,09:Gyeonggi-do,경기도 부천시 도당동 255-1,37.5091393,126.7846143,제일써보테크,"255-1 Dodang-dong, Bucheon, Gyeonggi-do, South Korea",확인 필요,37.509139,126.784614,"[{""types"": [""premise""], ""long_text"": ""255-1"", ""short_text"": ""255-1"", ""language_code"": null, ""source_api"": ""geocoding""}, {""types"": [""political"", ""sublocality"", ""sublocality_level_2""], ""long_text"": ""Dodang-dong"", ""short_text"": ""Dodang-dong"", ""language_code"": null, ""source_api"": ""geocoding""}, {""types"": [""locality"", ""political""], ""long_text"": ""Bucheon"", ""short_text"": ""Bucheon"", ""language_code"": null, ""source_api"": ""geocoding""}, {""types"": [""administrative_area_level_1"", ""political""], ""long_text"": ""Gyeonggi-do"", ""short_text"": ""Gyeonggi-do"", ""language_code"": null, ""source_api"": ""geocoding""}, {""types"": [""country"", ""political""], ""long_text"": ""South Korea"", ""short_text"": ""KR"", ""language_code"": null, ""source_api"": ""geocoding""}, {""types"": [""postal_code""], ""long_text"": ""14524"", ""short_text"": ""14524"", ""language_code"": null, ""source_api"": ""geocoding""}]",2821A9,06-483-0468
R010,"EHWA DiamEHWA Diamond Industrial Co., Ltd.",,KR:한국,09:Gyeonggi-do,대한민국 경기도 화성시 방교동 801,37.165313662862,127.083885829268,EHWA DiamEHWA Diamond Industrial,"801 Banggyo-dong, Hwaseong-si, Gyeonggi-do, South Korea",확인 필요,37.165757,127.084305,"[{""types"": [""premise""], ""long_text"": ""801"", ""short_text"": ""801"", ""language_code"": null, ""source_api"": ""geocoding""}, {""types"": [""political"", ""sublocality"", ""sublocality_level_2""], ""long_text"": ""Banggyo-dong"", ""short_text"": ""Banggyo-dong"", ""language_code"": null, ""source_api"": ""geocoding""}, {""types"": [""locality"", ""political""], ""long_text"": ""Hwaseong-si"", ""short_text"": ""Hwaseong-si"", ""language_code"": null, ""source_api"": ""geocoding""}, {""types"": [""administrative_area_level_1"", ""political""], ""long_text"": ""Gyeonggi-do"", ""short_text"": ""Gyeonggi-do"", ""language_code"": null, ""source_api"": ""geocoding""}, {""types"": [""country"", ""political""], ""long_text"": ""South Korea"", ""short_text"": ""KR"", ""language_code"": null, ""source_api"": ""geocoding""}, {""types"": [""postal_code""], ""long_text"": ""18487"", ""short_text"": ""18487"", ""language_code"": null, ""source_api"": ""geocoding""}, {""types"": [""premise""], ""long_text"": ""10"", ""short_text"": ""10"", ""language_code"": ""en-US"", ""source_api"": ""places_new""}, {""types"": [""sublocality_level_4"", ""sublocality"", ""political""], ""long_text"": ""Dongtansandan 3-gil"", ""short_text"": ""Dongtansandan 3-gil"", ""language_code"": ""en"", ""source_api"": ""places_new""}, {""types"": [""sublocality_level_2"", ""sublocality"", ""political""], ""long_text"": ""동탄면"", ""short_text"": ""동탄면"", ""language_code"": ""ko"", ""source_api"": ""places_new""}, {""types"": [""locality"", ""political""], ""long_text"": ""Hwaseong-si"", ""short_text"": ""Hwaseong-si"", ""language_code"": ""en"", ""source_api"": ""places_new""}, {""types"": [""administrative_area_level_1"", ""political""], ""long_text"": ""Gyeonggi-do"", ""short_text"": ""Gyeonggi-do"", ""language_code"": ""en"", ""source_api"": ""places_new""}, {""types"": [""country"", ""political""], ""long_text"": ""South Korea"", ""short_text"": ""KR"", ""language_code"": ""en"", ""source_api"": ""places_new""}, {""types"": [""postal_code""], ""long_text"": ""18487"", ""short_text"": ""18487"", ""language_code"": ""en-US"", ""source_api"": ""places_new""}]",79E6DB,59-680-6723
R011,Air Liquide Electronics US LP,,US:미합중국,US_99,PO BOX 200269 HOUSTON TX,40.1742465094527,-74.7703792317304,Air Liquide Electronics US LP,"197 Meister Ave, Branchburg, NJ 08876, USA",검증 완료,40.606052,-74.715034,"[{""types"": [""street_number""], ""long_text"": ""197"", ""short_text"": ""197"", ""language_code"": ""en-US"", ""source_api"": ""places_new""}, {""types"": [""route""], ""long_text"": ""Meister Avenue"", ""short_text"": ""Meister Ave"", ""language_code"": ""en"", ""source_api"": ""places_new""}, {""types"": [""locality"", ""political""], ""long_text"": ""Branchburg"", ""short_text"": ""Branchburg"", ""language_code"": ""en"", ""source_api"": ""places_new""}, {""types"": [""administrative_area_level_2"", ""political""], ""long_text"": ""Somerset County"", ""short_text"": ""Somerset County"", ""language_code"": ""en"", ""source_api"": ""places_new""}, {""types"": [""administrative_area_level_1"", ""political""], ""long_text"": ""New Jersey"", ""short_text"": ""NJ"", ""language_code"": ""en"", ""source_api"": ""places_new""}, {""types"": [""country"", ""political""], ""long_text"": ""United States"", ""short_text"": ""US"", ""language_code"": ""en"", ""source_api"": ""places_new""}, {""types"": [""postal_code""], ""long_text"": ""08876"", ""short_text"": ""08876"", ""language_code"": ""en-US"", ""source_api"": ""places_new""}, {""types"": [""postal_code_suffix""], ""long_text"": ""6022"", ""short_text"": ""6022"", ""language_code"": ""en-US"", ""source_api"": ""places_new""}]",7F5E8D,89-435-5537
R012,Entegris Malaysia Sdn Bhd,,MY:말레이시아,KED:Kedah,"CHV7+63 Lunas, Kedah, 말레이시아",5.44304220161746,100.562630683701,Entegris Malaysia Sdn Bhd,"CHV7+63 Lunas, Kedah, Malaysia",확인 필요,5.443062,100.562687,"[{""types"": [""plus_code""], ""long_text"": ""CHV7+63"", ""short_text"": ""CHV7+63"", ""language_code"": null, ""source_api"": ""geocoding""}, {""types"": [""locality"", ""political""], ""long_text"": ""Lunas"", ""short_text"": ""Lunas"", ""language_code"": null, ""source_api"": ""geocoding""}, {""types"": [""administrative_area_level_1"", ""political""], ""long_text"": ""Kedah"", ""short_text"": ""Kedah"", ""language_code"": null, ""source_api"": ""geocoding""}, {""types"": [""country"", ""political""], ""long_text"": ""Malaysia"", ""short_text"": ""MY"", ""language_code"": null, ""source_api"": ""geocoding""}]",84E543,06-103-3080
R013,JUHUA,,CN:중국,130:Zhejiang,"VWX4+QP5, Kecheng District, Quzhou, Zhejiang, China, 324004",28.8993915855368,118.906831741333,JUHUA,"China, Zhe Jiang Sheng, Qu Zhou Shi, Ke Cheng Qu, 中央道VVXX+JGF 邮政编码: 324004",검증 완료,28.899387,118.906859,"[{""types"": [""plus_code""], ""long_text"": ""VVXX+JGF"", ""short_text"": ""VVXX+JGF"", ""language_code"": ""en-US"", ""source_api"": ""places_new""}, {""types"": [""route""], ""long_text"": ""中央道"", ""short_text"": ""中央道"", ""language_code"": ""zh"", ""source_api"": ""places_new""}, {""types"": [""sublocality_level_1"", ""sublocality"", ""political""], ""long_text"": ""Ke Cheng Qu"", ""short_text"": ""Ke Cheng Qu"", ""language_code"": ""zh-Latn"", ""source_api"": ""places_new""}, {""types"": [""locality"", ""political""], ""long_text"": ""Qu Zhou Shi"", ""short_text"": ""Qu Zhou Shi"", ""language_code"": ""zh-Latn"", ""source_api"": ""places_new""}, {""types"": [""administrative_area_level_1"", ""political""], ""long_text"": ""Zhe Jiang Sheng"", ""short_text"": ""Zhe Jiang Sheng"", ""language_code"": ""zh-Latn"", ""source_api"": ""places_new""}, {""types"": [""country"", ""political""], ""long_text"": ""China"", ""short_text"": ""CN"", ""language_code"": ""en"", ""source_api"": ""places_new""}, {""types"": [""postal_code""], ""long_text"": ""324004"", ""short_text"": ""324004"", ""language_code"": ""en-US"", ""source_api"": ""places_new""}]",CBA6A6,66-555-5117
R014,JUHUA,,CN:중국,130:Zhejiang,"WV3J+W2, Kecheng District, Quzhou, Zhejiang, China",28.9047566017496,118.880123498853,JUHUA,"China, Zhe Jiang Sheng, Qu Zhou Shi, Ke Cheng Qu, 中央道VVXX+JGF 邮政编码: 324004",검증 완료,28.904812,118.880062,"[{""types"": [""plus_code""], ""long_text"": ""VVXX+JGF"", ""short_text"": ""VVXX+JGF"", ""language_code"": ""en-US"", ""source_api"": ""places_new""}, {""types"": [""route""], ""long_text"": ""中央道"", ""short_text"": ""中央道"", ""language_code"": ""zh"", ""source_api"": ""places_new""}, {""types"": [""sublocality_level_1"", ""sublocality"", ""political""], ""long_text"": ""Ke Cheng Qu"", ""short_text"": ""Ke Cheng Qu"", ""language_code"": ""zh-Latn"", ""source_api"": ""places_new""}, {""types"": [""locality"", ""political""], ""long_text"": ""Qu Zhou Shi"", ""short_text"": ""Qu Zhou Shi"", ""language_code"": ""zh-Latn"", ""source_api"": ""places_new""}, {""types"": [""administrative_area_level_1"", ""political""], ""long_text"": ""Zhe Jiang Sheng"", ""short_text"": ""Zhe Jiang Sheng"", ""language_code"": ""zh-Latn"", ""source_api"": ""places_new""}, {""types"": [""country"", ""political""], ""long_text"": ""China"", ""short_text"": ""CN"", ""language_code"": ""en"", ""source_api"": ""places_new""}, {""types"": [""postal_code""], ""long_text"": ""324004"", ""short_text"": ""324004"", ""language_code"": ""en-US"", ""source_api"": ""places_new""}]",D711D5,45-689-0034
R015,JUHUA,,CN:중국,99:China (General),"WV35+WMH, Weiyi Road, Ke Cheng Qu, Qu Zhou Shi, Zhe Jiang Sheng, China, 324012",28.9039264106275,118.858596258575,JUHUA,"Wei Yi Lu, China, 324012",확인 필요,28.907207,118.854349,"[{""types"": [""route""], ""long_text"": ""Wei Yi Lu"", ""short_text"": ""Wei Yi Lu"", ""language_code"": null, ""source_api"": ""geocoding""}, {""types"": [""country"", ""political""], ""long_text"": ""China"", ""short_text"": ""CN"", ""language_code"": null, ""source_api"": ""geocoding""}, {""types"": [""postal_code""], ""long_text"": ""324012"", ""short_text"": ""324012"", ""language_code"": null, ""source_api"": ""geocoding""}, {""types"": [""plus_code""], ""long_text"": ""VVXX+JGF"", ""short_text"": ""VVXX+JGF"", ""language_code"": ""en-US"", ""source_api"": ""places_new""}, {""types"": [""route""], ""long_text"": ""中央道"", ""short_text"": ""中央道"", ""language_code"": ""zh"", ""source_api"": ""places_new""}, {""types"": [""sublocality_level_1"", ""sublocality"", ""political""], ""long_text"": ""Ke Cheng Qu"", ""short_text"": ""Ke Cheng Qu"", ""language_code"": ""zh-Latn"", ""source_api"": ""places_new""}, {""types"": [""locality"", ""political""], ""long_text"": ""Qu Zhou Shi"", ""short_text"": ""Qu Zhou Shi"", ""language_code"": ""zh-Latn"", ""source_api"": ""places_new""}, {""types"": [""administrative_area_level_1"", ""political""], ""long_text"": ""Zhe Jiang Sheng"", ""short_text"": ""Zhe Jiang Sheng"", ""language_code"": ""zh-Latn"", ""source_api"": ""places_new""}, {""types"": [""country"", ""political""], ""long_text"": ""China"", ""short_text"": ""CN"", ""language_code"": ""en"", ""source_api"": ""places_new""}, {""types"": [""postal_code""], ""long_text"": ""324004"", ""short_text"": ""324004"", ""language_code"": ""en-US"", ""source_api"": ""places_new""}]",5C3663,87-079-5719
R016,CINOS(C4),,KR:한국,09:Gyeonggi-do,대한민국 경기도 화성시 향남읍 구문천리 929-2,37.0856062749302,126.899728529744,CINOS(C4),"929-2 Gumuncheon-ri, Hyangnam-eup, Hwaseong-si, Gyeonggi-do, South Korea",검증 완료,37.085472,126.900052,"[{""types"": [""sublocality_level_3"", ""sublocality"", ""political""], ""long_text"": ""Gumuncheon-ri"", ""short_text"": ""Gumuncheon-ri"", ""language_code"": ""en"", ""source_api"": ""places_new""}, {""types"": [""sublocality_level_2"", ""sublocality"", ""political""], ""long_text"": ""Hyangnam-eup"", ""short_text"": ""Hyangnam-eup"", ""language_code"": ""en"", ""source_api"": ""places_new""}, {""types"": [""locality"", ""political""], ""long_text"": ""Hwaseong-si"", ""short_text"": ""Hwaseong-si"", ""language_code"": ""en"", ""source_api"": ""places_new""}, {""types"": [""country"", ""political""], ""long_text"": ""South Korea"", ""short_text"": ""KR"", ""language_code"": ""en"", ""source_api"": ""places_new""}, {""types"": [""postal_code""], ""long_text"": ""18623"", ""short_text"": ""18623"", ""language_code"": ""en-US"", ""source_api"": ""places_new""}]",CF7FD4,09-898-0784
R017,CINOS(C1),,KR:한국,09:Gyeonggi-do,대한민국 경기도 화성시 팔탄면 가재리 299-2,37.15742051436,126.926484489249,CINOS(C1),"299-2 Gajae-ri, Paltan-myeon, Hwaseong-si, Gyeonggi-do, South Korea",확인 필요,37.157271,126.926767,"[{""types"": [""premise""], ""long_text"": ""299-2"", ""short_text"": ""299-2"", ""language_code"": null, ""source_api"": ""geocoding""}, {""types"": [""political"", ""sublocality"", ""sublocality_level_3""], ""long_text"": ""Gajae-ri"", ""short_text"": ""Gajae-ri"", ""language_code"": null, ""source_api"": ""geocoding""}, {""types"": [""political"", ""sublocality"", ""sublocality_level_2""], ""long_text"": ""Paltan-myeon"", ""short_text"": ""Paltan-myeon"", ""language_code"": null, ""source_api"": ""geocoding""}, {""types"": [""locality"", ""political""], ""long_text"": ""Hwaseong-si"", ""short_text"": ""Hwaseong-si"", ""language_code"": null, ""source_api"": ""geocoding""}, {""types"": [""administrative_area_level_1"", ""political""], ""long_text"": ""Gyeonggi-do"", ""short_text"": ""Gyeonggi-do"", ""language_code"": null, ""source_api"": ""geocoding""}, {""types"": [""country"", ""political""], ""long_text"": ""South Korea"", ""short_text"": ""KR"", ""language_code"": null, ""source_api"": ""geocoding""}, {""types"": [""postal_code""], ""long_text"": ""18533"", ""short_text"": ""18533"", ""language_code"": null, ""source_api"": ""geocoding""}]",2A754F,05-088-7576
R018,Solstice Electronic Materials - Spokane,,US:미합중국,US_WA,PO BOX 100257 PASADENA CA,47.6845972,-117.1981099,Solstice Electronic Materials - Spokane,"Pasadena, CA, USA",확인 필요,34.147653,-118.144302,"[{""types"": [""locality"", ""political""], ""long_text"": ""Pasadena"", ""short_text"": ""Pasadena"", ""language_code"": null, ""source_api"": ""geocoding""}, {""types"": [""administrative_area_level_2"", ""political""], ""long_text"": ""Los Angeles County"", ""short_text"": ""Los Angeles County"", ""language_code"": null, ""source_api"": ""geocoding""}, {""types"": [""administrative_area_level_1"", ""political""], ""long_text"": ""California"", ""short_text"": ""CA"", ""language_code"": null, ""source_api"": ""geocoding""}, {""types"": [""country"", ""political""], ""long_text"": ""United States"", ""short_text"": ""US"", ""language_code"": null, ""source_api"": ""geocoding""}]",E716D6,44-548-9157
R019,CW QUERETARO MEXICO SA DE CV,,MX:멕시코,MX_QRO,"RHH5+52, El Puerto, Querétaro, Mexico, 76215",20.8279801318248,-100.442426784886,CW QUERETARO MEXICO SA DE CV,"RHH5+52 Querétaro, Mexico",확인 필요,20.827938,-100.442437,"[{""types"": [""plus_code""], ""long_text"": ""RHH5+52"", ""short_text"": ""RHH5+52"", ""language_code"": null, ""source_api"": ""geocoding""}, {""types"": [""administrative_area_level_1"", ""political""], ""long_text"": ""Querétaro"", ""short_text"": ""Qro."", ""language_code"": null, ""source_api"": ""geocoding""}, {""types"": [""country"", ""political""], ""long_text"": ""Mexico"", ""short_text"": ""MX"", ""language_code"": null, ""source_api"": ""geocoding""}, {""types"": [""postal_code""], ""long_text"": ""76215"", ""short_text"": ""76215"", ""language_code"": null, ""source_api"": ""geocoding""}]",EADA5A,56-053-9005
R020,Entegris Malaysia Sdn Bhd,,MY:말레이시아,KED:Kedah,"Perdana Highway, Kampung Sungai Seluang, Lunas, Kedah, Malaysia, 09600",5.44230396180864,100.563611984253,Entegris Malaysia Sdn Bhd,"Lbh Perdana, Kampung Sungai Seluang, Lunas, Kedah, Malaysia",확인 필요,5.438351,100.565467,"[{""types"": [""route""], ""long_text"": ""Lebuhraya Perdana"", ""short_text"": ""Lbh Perdana"", ""language_code"": null, ""source_api"": ""geocoding""}, {""types"": [""political"", ""sublocality"", ""sublocality_level_1""], ""long_text"": ""Kampung Sungai Seluang"", ""short_text"": ""Kampung Sungai Seluang"", ""language_code"": null, ""source_api"": ""geocoding""}, {""types"": [""locality"", ""political""], ""long_text"": ""Lunas"", ""short_text"": ""Lunas"", ""language_code"": null, ""source_api"": ""geocoding""}, {""types"": [""administrative_area_level_1"", ""political""], ""long_text"": ""Kedah"", ""short_text"": ""Kedah"", ""language_code"": null, ""source_api"": ""geocoding""}, {""types"": [""country"", ""political""], ""long_text"": ""Malaysia"", ""short_text"": ""MY"", ""language_code"": null, ""source_api"": ""geocoding""}, {""types"": [], ""long_text"": ""Lot 17, Fasa 1 Kulim Hi-Tech Park, Kedah"", ""short_text"": """", ""language_code"": ""en"", ""source_api"": ""places_new""}, {""types"": [""sublocality_level_1"", ""sublocality"", ""political""], ""long_text"": ""Taman Kulim Hi-tech"", ""short_text"": ""Taman Kulim Hi-tech"", ""language_code"": ""en"", ""source_api"": ""places_new""}, {""types"": [""locality"", ""political""], ""long_text"": ""Kulim"", ""short_text"": ""Kulim"", ""language_code"": ""en"", ""source_api"": ""places_new""}, {""types"": [""administrative_area_level_1"", ""political""], ""long_text"": ""Kedah"", ""short_text"": ""Kedah"", ""language_code"": ""en"", ""source_api"": ""places_new""}, {""types"": [""country"", ""political""], ""long_text"": ""Malaysia"", ""short_text"": ""MY"", ""language_code"": ""en"", ""source_api"": ""places_new""}, {""types"": [""postal_code""], ""long_text"": ""09000"", ""short_text"": ""09000"", ""language_code"": ""en-US"", ""source_api"": ""places_new""}]",61854B,83-222-4936
R021,SUZHOU NOBORT ELECTRONICS EQUIPMENT LIMITED COMPANY,,CN:중국,99:China (General),"8Q9C+R6W, Xinghua Street, Wu Zhong Qu, Su Zhou Shi, Jiang Su Sheng, China, 215121",31.3195538601286,120.770886170445,SUZHOU NOBORT ELECTRONICS EQUIPMENT LIMITED COMPANY,"Xing Hua Jie, Wu Zhong Qu, Su Zhou Shi, China, 215121",확인 필요,31.330170,120.768180,"[{""types"": [""route""], ""long_text"": ""Xing Hua Jie"", ""short_text"": ""Xing Hua Jie"", ""language_code"": null, ""source_api"": ""geocoding""}, {""types"": [""political"", ""sublocality"", ""sublocality_level_1""], ""long_text"": ""Wu Zhong Qu"", ""short_text"": ""Wu Zhong Qu"", ""language_code"": null, ""source_api"": ""geocoding""}, {""types"": [""locality"", ""political""], ""long_text"": ""Su Zhou Shi"", ""short_text"": ""Su Zhou Shi"", ""language_code"": null, ""source_api"": ""geocoding""}, {""types"": [""country"", ""political""], ""long_text"": ""China"", ""short_text"": ""CN"", ""language_code"": null, ""source_api"": ""geocoding""}, {""types"": [""postal_code""], ""long_text"": ""215121"", ""short_text"": ""215121"", ""language_code"": null, ""source_api"": ""geocoding""}, {""types"": [""street_number""], ""long_text"": ""34"", ""short_text"": ""34"", ""language_code"": ""en-US"", ""source_api"": ""places_new""}, {""types"": [""route""], ""long_text"": ""Jin Hai Lu"", ""short_text"": ""Jin Hai Lu"", ""language_code"": ""zh-Latn"", ""source_api"": ""places_new""}, {""types"": [""sublocality_level_1"", ""sublocality"", ""political""], ""long_text"": ""Wu Zhong Qu"", ""short_text"": ""Wu Zhong Qu"", ""language_code"": ""zh-Latn"", ""source_api"": ""places_new""}, {""types"": [""locality"", ""political""], ""long_text"": ""Su Zhou Shi"", ""short_text"": ""Su Zhou Shi"", ""language_code"": ""zh-Latn"", ""source_api"": ""places_new""}, {""types"": [""administrative_area_level_1"", ""political""], ""long_text"": ""Jiang Su Sheng"", ""short_text"": ""Jiang Su Sheng"", ""language_code"": ""zh-Latn"", ""source_api"": ""places_new""}, {""types"": [""country"", ""political""], ""long_text"": ""China"", ""short_text"": ""CN"", ""language_code"": ""en"", ""source_api"": ""places_new""}, {""types"": [""postal_code""], ""long_text"": ""215000"", ""short_text"": ""215000"", ""language_code"": ""en-US"", ""source_api"": ""places_new""}]",96D079,62-785-9015
R022,CINOS(C2),,KR:한국,09:Gyeonggi-do,대한민국 경기도 화성시 향남읍 구문천리 930-17,37.0851245062634,126.897092549068,CINOS(C2),"930-17 Gumuncheon-ri, Hyangnam-eup, Hwaseong-si, Gyeonggi-do, South Korea",확인 필요,37.085127,126.896852,"[{""types"": [""premise""], ""long_text"": ""930-17"", ""short_text"": ""930-17"", ""language_code"": null, ""source_api"": ""geocoding""}, {""types"": [""political"", ""sublocality"", ""sublocality_level_3""], ""long_text"": ""Gumuncheon-ri"", ""short_text"": ""Gumuncheon-ri"", ""language_code"": null, ""source_api"": ""geocoding""}, {""types"": [""political"", ""sublocality"", ""sublocality_level_2""], ""long_text"": ""Hyangnam-eup"", ""short_text"": ""Hyangnam-eup"", ""language_code"": null, ""source_api"": ""geocoding""}, {""types"": [""locality"", ""political""], ""long_text"": ""Hwaseong-si"", ""short_text"": ""Hwaseong-si"", ""language_code"": null, ""source_api"": ""geocoding""}, {""types"": [""administrative_area_level_1"", ""political""], ""long_text"": ""Gyeonggi-do"", ""short_text"": ""Gyeonggi-do"", ""language_code"": null, ""source_api"": ""geocoding""}, {""types"": [""country"", ""political""], ""long_text"": ""South Korea"", ""short_text"": ""KR"", ""language_code"": null, ""source_api"": ""geocoding""}, {""types"": [""postal_code""], ""long_text"": ""18623"", ""short_text"": ""18623"", ""language_code"": null, ""source_api"": ""geocoding""}]",62D6CE,89-005-3909
R023,SJI SAIGON,,VN:베트남,02:HCM City,"35, Đường Đồng Khởi, thành phố Biên Hòa, Đồng Nai, Vietnam",10.954258408027,106.867259743281,SJI SAIGON,"35 Đ. Đồng Khởi, Tân Triều, Đồng Nai, Vietnam",확인 필요,10.971882,106.852692,"[{""types"": [""street_number""], ""long_text"": ""35"", ""short_text"": ""35"", ""language_code"": null, ""source_api"": ""geocoding""}, {""types"": [""route""], ""long_text"": ""Đường Đồng Khởi"", ""short_text"": ""Đ. Đồng Khởi"", ""language_code"": null, ""source_api"": ""geocoding""}, {""types"": [""locality"", ""political""], ""long_text"": ""Đồng Nai"", ""short_text"": ""Đồng Nai"", ""language_code"": null, ""source_api"": ""geocoding""}, {""types"": [""administrative_area_level_1"", ""political""], ""long_text"": ""Đồng Nai"", ""short_text"": ""Đồng Nai"", ""language_code"": null, ""source_api"": ""geocoding""}, {""types"": [""country"", ""political""], ""long_text"": ""Vietnam"", ""short_text"": ""VN"", ""language_code"": null, ""source_api"": ""geocoding""}]",58995C,15-751-4206
R024,SJI SAIGON,,VN:베트남,02:HCM City,"35 Đ. Đồng Khởi, Tân Hiệp, Biên Hòa, Đồng Nai 810000 베트남",10.9546519,106.8672625,SJI SAIGON,"XR4R+PHW, Tran Bien, Dong Nai City, Vietnam",확인 필요,10.956862,106.841441,"[{""types"": [""plus_code""], ""long_text"": ""XR4R+PHW"", ""short_text"": ""XR4R+PHW"", ""language_code"": null, ""source_api"": ""geocoding""}, {""types"": [""locality"", ""political""], ""long_text"": ""Dong Nai City"", ""short_text"": ""Dong Nai City"", ""language_code"": null, ""source_api"": ""geocoding""}, {""types"": [""administrative_area_level_1"", ""political""], ""long_text"": ""Dong Nai City"", ""short_text"": ""Dong Nai City"", ""language_code"": null, ""source_api"": ""geocoding""}, {""types"": [""country"", ""political""], ""long_text"": ""Vietnam"", ""short_text"": ""VN"", ""language_code"": null, ""source_api"": ""geocoding""}]",53A507,34-559-9036
R025,"SEGYUNG VINA CO.,LTD",,VN:베트남,06:Bac Ninh,"Yên Phong, Bắc Ninh, Vietnam",21.2239961339663,105.997148049299,SEGYUNG VINA,"Unnamed, Road, Yên Trung, Bắc Ninh, Vietnam",검증 완료,21.227118,105.996776,"[{""types"": [""route""], ""long_text"": ""Unnamed"", ""short_text"": ""Unnamed"", ""language_code"": ""vi"", ""source_api"": ""places_new""}, {""types"": [""neighborhood"", ""political""], ""long_text"": ""Road"", ""short_text"": ""Road"", ""language_code"": ""vi"", ""source_api"": ""places_new""}, {""types"": [""locality"", ""political""], ""long_text"": ""Yên Trung"", ""short_text"": ""Yên Trung"", ""language_code"": ""vi"", ""source_api"": ""places_new""}, {""types"": [""administrative_area_level_1"", ""political""], ""long_text"": ""Bắc Ninh"", ""short_text"": ""Bắc Ninh"", ""language_code"": ""vi"", ""source_api"": ""places_new""}, {""types"": [""country"", ""political""], ""long_text"": ""Vietnam"", ""short_text"": ""VN"", ""language_code"": ""en"", ""source_api"": ""places_new""}]",336521,38-551-4139
R026,"SI FLEX VIETNAM CO.,LTD.",,VN:베트남,01:Hanoi,"Đường 1A, tt. Nếnh, Việt Yên, Bắc Giang, Vietnam",21.2166805114931,106.106729507446,SI FLEX VIETNAM,"QL1A, Vietnam",확인 필요,16.394107,107.570667,"[{""types"": [""route""], ""long_text"": ""Quốc lộ 1A"", ""short_text"": ""QL1A"", ""language_code"": null, ""source_api"": ""geocoding""}, {""types"": [""country"", ""political""], ""long_text"": ""Vietnam"", ""short_text"": ""VN"", ""language_code"": null, ""source_api"": ""geocoding""}, {""types"": [], ""long_text"": ""Land lot A industrial zone"", ""short_text"": """", ""language_code"": ""vi"", ""source_api"": ""places_new""}, {""types"": [""locality"", ""political""], ""long_text"": ""Nếnh"", ""short_text"": ""Nếnh"", ""language_code"": ""vi"", ""source_api"": ""places_new""}, {""types"": [""administrative_area_level_1"", ""political""], ""long_text"": ""Bắc Ninh"", ""short_text"": ""Bắc Ninh"", ""language_code"": ""vi"", ""source_api"": ""places_new""}, {""types"": [""country"", ""political""], ""long_text"": ""Vietnam"", ""short_text"": ""VN"", ""language_code"": ""en"", ""source_api"": ""places_new""}]",AD7F1B,55-033-0982
R027,"AUO (Xiamen) Co., Ltd.",,CN:중국,150:Fujian,"QJ5G+RG Shishi, Quanzhou, Fujian, China",24.7596035592581,118.626255030465,AUO (Xiamen),"QJ5G+RG Shishi, Quanzhou, Fujian, China",확인 필요,24.759563,118.626312,"[{""types"": [""plus_code""], ""long_text"": ""QJ5G+RG"", ""short_text"": ""QJ5G+RG"", ""language_code"": null, ""source_api"": ""geocoding""}, {""types"": [""political"", ""sublocality"", ""sublocality_level_1""], ""long_text"": ""Shishi"", ""short_text"": ""Shishi"", ""language_code"": null, ""source_api"": ""geocoding""}, {""types"": [""locality"", ""political""], ""long_text"": ""Quanzhou"", ""short_text"": ""Quanzhou"", ""language_code"": null, ""source_api"": ""geocoding""}, {""types"": [""administrative_area_level_1"", ""political""], ""long_text"": ""Fujian"", ""short_text"": ""Fujian"", ""language_code"": null, ""source_api"": ""geocoding""}, {""types"": [""country"", ""political""], ""long_text"": ""China"", ""short_text"": ""CN"", ""language_code"": null, ""source_api"": ""geocoding""}]",499639,13-235-2790
R028,"PSK(CHINA) CO.,Ltd.",,CN:중국,250:Shaanxi,锦业路1号都市之门C座405号     西安 高新区,34.202462,108.894008,PSK(CHINA),"Du Shi Zhi Men C Zuo, 小寨 Yan Ta Qu, Xi An Shi, Shan Xi Sheng, China, 710065",확인 필요,34.196733,108.887317,"[{""types"": [""premise""], ""long_text"": ""Du Shi Zhi Men C Zuo"", ""short_text"": ""Du Shi Zhi Men C Zuo"", ""language_code"": null, ""source_api"": ""geocoding""}, {""types"": [""neighborhood"", ""political""], ""long_text"": ""小寨"", ""short_text"": ""小寨"", ""language_code"": null, ""source_api"": ""geocoding""}, {""types"": [""political"", ""sublocality"", ""sublocality_level_1""], ""long_text"": ""Yan Ta Qu"", ""short_text"": ""Yan Ta Qu"", ""language_code"": null, ""source_api"": ""geocoding""}, {""types"": [""locality"", ""political""], ""long_text"": ""Xi An Shi"", ""short_text"": ""Xi An Shi"", ""language_code"": null, ""source_api"": ""geocoding""}, {""types"": [""administrative_area_level_1"", ""political""], ""long_text"": ""Shan Xi Sheng"", ""short_text"": ""Shan Xi Sheng"", ""language_code"": null, ""source_api"": ""geocoding""}, {""types"": [""country"", ""political""], ""long_text"": ""China"", ""short_text"": ""CN"", ""language_code"": null, ""source_api"": ""geocoding""}, {""types"": [""postal_code""], ""long_text"": ""710065"", ""short_text"": ""710065"", ""language_code"": null, ""source_api"": ""geocoding""}]",5362FC,44-934-1692
R029,天水华天科技股份有限公司,,CN:중국,260:Gansu,秦州区天水郡街道秦州大道360号  天水  741001 CN,34.57,105.68,天水华天科技,"Qin Zhou Da Dao, Qin Zhou Qu, Tian Shui Shi, Gan Su Sheng, China",확인 필요,34.563560,105.593670,"[{""types"": [""route""], ""long_text"": ""Qin Zhou Da Dao"", ""short_text"": ""Qin Zhou Da Dao"", ""language_code"": null, ""source_api"": ""geocoding""}, {""types"": [""political"", ""sublocality"", ""sublocality_level_1""], ""long_text"": ""Qin Zhou Qu"", ""short_text"": ""Qin Zhou Qu"", ""language_code"": null, ""source_api"": ""geocoding""}, {""types"": [""locality"", ""political""], ""long_text"": ""Tian Shui Shi"", ""short_text"": ""Tian Shui Shi"", ""language_code"": null, ""source_api"": ""geocoding""}, {""types"": [""administrative_area_level_1"", ""political""], ""long_text"": ""Gan Su Sheng"", ""short_text"": ""Gan Su Sheng"", ""language_code"": null, ""source_api"": ""geocoding""}, {""types"": [""country"", ""political""], ""long_text"": ""China"", ""short_text"": ""CN"", ""language_code"": null, ""source_api"": ""geocoding""}]",EB6008,52-435-0598
R030,苏州新特式半导体有限公司,,CN:중국,100:Jiangsu,工业园区唯亭镇春辉路2号  苏州,,,苏州新特式半导体,"亭 镇, 2 Chun Hui Lu, Wu Zhong Qu, Su Zhou Shi, Jiang Su Sheng, China, 215121",확인 필요,31.353000,120.749550,"[{""types"": [""subpremise""], ""long_text"": ""亭 镇"", ""short_text"": ""亭 镇"", ""language_code"": null, ""source_api"": ""geocoding""}, {""types"": [""street_number""], ""long_text"": ""2"", ""short_text"": ""2"", ""language_code"": null, ""source_api"": ""geocoding""}, {""types"": [""route""], ""long_text"": ""Chun Hui Lu"", ""short_text"": ""Chun Hui Lu"", ""language_code"": null, ""source_api"": ""geocoding""}, {""types"": [""political"", ""sublocality"", ""sublocality_level_1""], ""long_text"": ""Wu Zhong Qu"", ""short_text"": ""Wu Zhong Qu"", ""language_code"": null, ""source_api"": ""geocoding""}, {""types"": [""locality"", ""political""], ""long_text"": ""Su Zhou Shi"", ""short_text"": ""Su Zhou Shi"", ""language_code"": null, ""source_api"": ""geocoding""}, {""types"": [""administrative_area_level_1"", ""political""], ""long_text"": ""Jiang Su Sheng"", ""short_text"": ""Jiang Su Sheng"", ""language_code"": null, ""source_api"": ""geocoding""}, {""types"": [""country"", ""political""], ""long_text"": ""China"", ""short_text"": ""CN"", ""language_code"": null, ""source_api"": ""geocoding""}, {""types"": [""postal_code""], ""long_text"": ""215121"", ""short_text"": ""215121"", ""language_code"": null, ""source_api"": ""geocoding""}]",45736D,40-753-1287
R031,BOYD KOREA LLC,,KR:한국,04:Chungcheongbuk-do,"(Hwagye-dong)2, 2Sunhwan-ro 742beon-gil, Heungdeok-gu, Cheongju-si, Chungcheongbuk-do",,,BOYD KOREA,"2 2sunhwan-ro 742beon-gil, Heungdeok-gu, Cheongju, Chungcheongbuk-do, South Korea",검증 완료,36.656145,127.443492,"[{""types"": [""premise""], ""long_text"": ""2"", ""short_text"": ""2"", ""language_code"": ""en-US"", ""source_api"": ""places_new""}, {""types"": [""sublocality_level_4"", ""sublocality"", ""political""], ""long_text"": ""2sunhwan-ro 742beon-gil"", ""short_text"": ""2sunhwan-ro 742beon-gil"", ""language_code"": ""en"", ""source_api"": ""places_new""}, {""types"": [""sublocality_level_1"", ""sublocality"", ""political""], ""long_text"": ""Heungdeok-gu"", ""short_text"": ""Heungdeok-gu"", ""language_code"": ""en"", ""source_api"": ""places_new""}, {""types"": [""locality"", ""political""], ""long_text"": ""Cheongju"", ""short_text"": ""Cheongju"", ""language_code"": ""ko-Latn"", ""source_api"": ""places_new""}, {""types"": [""administrative_area_level_1"", ""political""], ""long_text"": ""Chungcheongbuk-do"", ""short_text"": ""Chungcheongbuk-do"", ""language_code"": ""en"", ""source_api"": ""places_new""}, {""types"": [""country"", ""political""], ""long_text"": ""South Korea"", ""short_text"": ""KR"", ""language_code"": ""en"", ""source_api"": ""places_new""}, {""types"": [""postal_code""], ""long_text"": ""28294"", ""short_text"": ""28294"", ""language_code"": ""en-US"", ""source_api"": ""places_new""}]",76F9EB,38-162-8129
R032,"Dinnoteck Co.,Ltd.",,KR:한국,17:Korea(General),9F,,,Dinnoteck,,실패,,,,FE0C92,92-442-6911
R033,"SHINHAN DIAMOND(XI'AN) CO.,LTD.",,CN:중국,250:Shaanxi,"4R26+H2 중국 Shaanxi, 시안 시 창안 구",,,SHINHAN DIAMOND(XI'AN),"4R26+H2 Chang'An, Xi'An, Shaanxi, China",확인 필요,34.101438,108.810063,"[{""types"": [""plus_code""], ""long_text"": ""4R26+H2"", ""short_text"": ""4R26+H2"", ""language_code"": null, ""source_api"": ""geocoding""}, {""types"": [""political"", ""sublocality"", ""sublocality_level_1""], ""long_text"": ""Chang'An"", ""short_text"": ""Chang'An"", ""language_code"": null, ""source_api"": ""geocoding""}, {""types"": [""locality"", ""political""], ""long_text"": ""Xi'An"", ""short_text"": ""Xi'An"", ""language_code"": null, ""source_api"": ""geocoding""}, {""types"": [""administrative_area_level_1"", ""political""], ""long_text"": ""Shaanxi"", ""short_text"": ""Shaanxi"", ""language_code"": null, ""source_api"": ""geocoding""}, {""types"": [""country"", ""political""], ""long_text"": ""China"", ""short_text"": ""CN"", ""language_code"": null, ""source_api"": ""geocoding""}]",D471ED,27-897-0973
R034,"SUZHOU POSTEL CO.,LTD",,CN:중국,100:Jiangsu,工业园区利达路4号     江苏省苏州市,,,SUZHOU POSTEL,"4 Li Da Lu, Wu Zhong Qu, Su Zhou Shi, Jiang Su Sheng, China, 215121",확인 필요,31.355620,120.749700,"[{""types"": [""street_number""], ""long_text"": ""4"", ""short_text"": ""4"", ""language_code"": null, ""source_api"": ""geocoding""}, {""types"": [""route""], ""long_text"": ""Li Da Lu"", ""short_text"": ""Li Da Lu"", ""language_code"": null, ""source_api"": ""geocoding""}, {""types"": [""political"", ""sublocality"", ""sublocality_level_1""], ""long_text"": ""Wu Zhong Qu"", ""short_text"": ""Wu Zhong Qu"", ""language_code"": null, ""source_api"": ""geocoding""}, {""types"": [""locality"", ""political""], ""long_text"": ""Su Zhou Shi"", ""short_text"": ""Su Zhou Shi"", ""language_code"": null, ""source_api"": ""geocoding""}, {""types"": [""administrative_area_level_1"", ""political""], ""long_text"": ""Jiang Su Sheng"", ""short_text"": ""Jiang Su Sheng"", ""language_code"": null, ""source_api"": ""geocoding""}, {""types"": [""country"", ""political""], ""long_text"": ""China"", ""short_text"": ""CN"", ""language_code"": null, ""source_api"": ""geocoding""}, {""types"": [""postal_code""], ""long_text"": ""215121"", ""short_text"": ""215121"", ""language_code"": null, ""source_api"": ""geocoding""}]",8DA23B,69-825-6497
R035,BOYD KOREA LLC,,KR:한국,04:Chungcheongbuk-do,"(Hwagye-dong)2, 2Sunhwan-ro 742beon-gil, Heungdeok-gu, Cheongju-si, Chungcheongbuk-do",,,BOYD KOREA,"2 2sunhwan-ro 742beon-gil, Heungdeok-gu, Cheongju, Chungcheongbuk-do, South Korea",검증 완료,36.656145,127.443492,"[{""types"": [""premise""], ""long_text"": ""2"", ""short_text"": ""2"", ""language_code"": ""en-US"", ""source_api"": ""places_new""}, {""types"": [""sublocality_level_4"", ""sublocality"", ""political""], ""long_text"": ""2sunhwan-ro 742beon-gil"", ""short_text"": ""2sunhwan-ro 742beon-gil"", ""language_code"": ""en"", ""source_api"": ""places_new""}, {""types"": [""sublocality_level_1"", ""sublocality"", ""political""], ""long_text"": ""Heungdeok-gu"", ""short_text"": ""Heungdeok-gu"", ""language_code"": ""en"", ""source_api"": ""places_new""}, {""types"": [""locality"", ""political""], ""long_text"": ""Cheongju"", ""short_text"": ""Cheongju"", ""language_code"": ""ko-Latn"", ""source_api"": ""places_new""}, {""types"": [""administrative_area_level_1"", ""political""], ""long_text"": ""Chungcheongbuk-do"", ""short_text"": ""Chungcheongbuk-do"", ""language_code"": ""en"", ""source_api"": ""places_new""}, {""types"": [""country"", ""political""], ""long_text"": ""South Korea"", ""short_text"": ""KR"", ""language_code"": ""en"", ""source_api"": ""places_new""}, {""types"": [""postal_code""], ""long_text"": ""28294"", ""short_text"": ""28294"", ""language_code"": ""en-US"", ""source_api"": ""places_new""}]",76F9EB,38-162-8129
R036,"LT Metal Co,.LTd.",,KR:한국,06:Incheon,"(Gajwa-dong) 14, Gajaeul-ro, Seohae-gu, Incheon, Korea",,,LT Metal Co,"South Korea, Incheon, Seo-gu, 가좌3동 548-1",검증 완료,37.481420,126.675683,"[{""types"": [""premise""], ""long_text"": ""548-1"", ""short_text"": ""548-1"", ""language_code"": ""en-US"", ""source_api"": ""places_new""}, {""types"": [""sublocality_level_2"", ""sublocality"", ""political""], ""long_text"": ""가좌3동"", ""short_text"": ""가좌3동"", ""language_code"": ""ko"", ""source_api"": ""places_new""}, {""types"": [""sublocality_level_1"", ""sublocality"", ""political""], ""long_text"": ""Seo-gu"", ""short_text"": ""Seo-gu"", ""language_code"": ""en"", ""source_api"": ""places_new""}, {""types"": [""administrative_area_level_1"", ""political""], ""long_text"": ""Incheon"", ""short_text"": ""Incheon"", ""language_code"": ""en"", ""source_api"": ""places_new""}, {""types"": [""country"", ""political""], ""long_text"": ""South Korea"", ""short_text"": ""KR"", ""language_code"": ""en"", ""source_api"": ""places_new""}, {""types"": [""postal_code""], ""long_text"": ""22828"", ""short_text"": ""22828"", ""language_code"": ""en-US"", ""source_api"": ""places_new""}]",EFDB3F,64-180-3381
R037,达成包装制品(苏州)有限公司,,CN:중국,100:Jiangsu,相城区望亭镇问渡路88号  苏州  215155 CN,,,达成包装制品(苏州),"88 Wen Du Lu, Xiang Cheng Qu, Su Zhou Shi, Jiang Su Sheng, China, 215155",검증 완료,31.422170,120.442620,"[{""types"": [""street_number""], ""long_text"": ""88"", ""short_text"": ""88"", ""language_code"": ""en-US"", ""source_api"": ""places_new""}, {""types"": [""route""], ""long_text"": ""Wen Du Lu"", ""short_text"": ""Wen Du Lu"", ""language_code"": ""zh-Latn"", ""source_api"": ""places_new""}, {""types"": [""sublocality_level_1"", ""sublocality"", ""political""], ""long_text"": ""Xiang Cheng Qu"", ""short_text"": ""Xiang Cheng Qu"", ""language_code"": ""zh-Latn"", ""source_api"": ""places_new""}, {""types"": [""locality"", ""political""], ""long_text"": ""Su Zhou Shi"", ""short_text"": ""Su Zhou Shi"", ""language_code"": ""zh-Latn"", ""source_api"": ""places_new""}, {""types"": [""administrative_area_level_1"", ""political""], ""long_text"": ""Jiang Su Sheng"", ""short_text"": ""Jiang Su Sheng"", ""language_code"": ""zh-Latn"", ""source_api"": ""places_new""}, {""types"": [""country"", ""political""], ""long_text"": ""China"", ""short_text"": ""CN"", ""language_code"": ""en"", ""source_api"": ""places_new""}, {""types"": [""postal_code""], ""long_text"": ""215155"", ""short_text"": ""215155"", ""language_code"": ""en-US"", ""source_api"": ""places_new""}]",C8632F,98-441-1928
RS00,AUTO SENSOR KOREA,,KR:한국,09:Gyeonggi-do,경기도 수원시 영통구 중부대로448번길 97,37.2664485,127.0594727,Golden0 Electronic Components,"South Korea, Gyeonggi-do, Suwon, Yeongtong-gu, 원천동 471",검증 완료,37.266449,127.059473,"[{""types"": [""premise""], ""long_text"": ""471"", ""short_text"": ""471"", ""language_code"": ""en-US"", ""source_api"": ""places_new""}, {""types"": [""sublocality_level_2"", ""sublocality"", ""political""], ""long_text"": ""원천동"", ""short_text"": ""원천동"", ""language_code"": ""ko"", ""source_api"": ""places_new""}, {""types"": [""sublocality_level_1"", ""sublocality"", ""political""], ""long_text"": ""Yeongtong-gu"", ""short_text"": ""Yeongtong-gu"", ""language_code"": ""en"", ""source_api"": ""places_new""}, {""types"": [""locality"", ""political""], ""long_text"": ""Suwon"", ""short_text"": ""Suwon"", ""language_code"": ""ko-Latn"", ""source_api"": ""places_new""}, {""types"": [""administrative_area_level_1"", ""political""], ""long_text"": ""Gyeonggi-do"", ""short_text"": ""Gyeonggi-do"", ""language_code"": ""en"", ""source_api"": ""places_new""}, {""types"": [""country"", ""political""], ""long_text"": ""South Korea"", ""short_text"": ""KR"", ""language_code"": ""en"", ""source_api"": ""places_new""}, {""types"": [""postal_code""], ""long_text"": ""16521"", ""short_text"": ""16521"", ""language_code"": ""en-US"", ""source_api"": ""places_new""}]",5DCB61,16-014-5436
RS01,HANA TECH,,KR:한국,13:Seoul,서울특별시 서초구 양재동 302-3,37.4743262,127.04531,Golden1 Electronic Components,"302-3 Yangjae-dong, Seocho District, Seoul, South Korea",확인 필요,37.474326,127.045310,"[{""types"": [""premise""], ""long_text"": ""302-3"", ""short_text"": ""302-3"", ""language_code"": null, ""source_api"": ""geocoding""}, {""types"": [""political"", ""sublocality"", ""sublocality_level_2""], ""long_text"": ""Yangjae-dong"", ""short_text"": ""Yangjae-dong"", ""language_code"": null, ""source_api"": ""geocoding""}, {""types"": [""political"", ""sublocality"", ""sublocality_level_1""], ""long_text"": ""Seocho District"", ""short_text"": ""Seocho District"", ""language_code"": null, ""source_api"": ""geocoding""}, {""types"": [""administrative_area_level_1"", ""political""], ""long_text"": ""Seoul"", ""short_text"": ""Seoul"", ""language_code"": null, ""source_api"": ""geocoding""}, {""types"": [""country"", ""political""], ""long_text"": ""South Korea"", ""short_text"": ""KR"", ""language_code"": null, ""source_api"": ""geocoding""}, {""types"": [""postal_code""], ""long_text"": ""06781"", ""short_text"": ""06781"", ""language_code"": null, ""source_api"": ""geocoding""}]",49A493,72-706-9540
RS02,"Suzhou Kematek, Inc.",,CN:중국,100:Jiangsu,1 San Qian Road Suzhou Gaoxin District,31.4,120.17,Golden2 Electronic Components,"China, Su Zhou Shi, Hu Qiu Qu, CN 江苏省 苏州市 虎丘区 漓江路 58 58号苏州科技城工业坊B区6栋 邮政编码: 215163",검증 완료,31.362200,120.415390,"[{""types"": [], ""long_text"": ""CN 江苏省 苏州市 虎丘区 漓江路 58 58号苏州科技城工业坊B区6栋"", ""short_text"": """", ""language_code"": ""zh"", ""source_api"": ""places_new""}, {""types"": [""country"", ""political""], ""long_text"": ""China"", ""short_text"": ""CN"", ""language_code"": ""en"", ""source_api"": ""places_new""}, {""types"": [""sublocality_level_1"", ""sublocality"", ""political""], ""long_text"": ""Hu Qiu Qu"", ""short_text"": ""Hu Qiu Qu"", ""language_code"": ""zh-Latn"", ""source_api"": ""places_new""}, {""types"": [""locality"", ""political""], ""long_text"": ""Su Zhou Shi"", ""short_text"": ""Su Zhou Shi"", ""language_code"": ""zh-Latn"", ""source_api"": ""places_new""}, {""types"": [""postal_code""], ""long_text"": ""215163"", ""short_text"": ""215163"", ""language_code"": ""en-US"", ""source_api"": ""places_new""}]",0E237D,48-899-3726
RS03,Samutsakorn,,TH:태국,58:Samut Sakhon,"ถนน ศรีสุริฉัน, Tambon Khok Kham, Amphoe Mueang Samut Sakhon, Chang Wat Samut Sakhon, Thailand, 74000",13.5758798065832,100.333531977028,Golden3 Electronic Components,"ถนน ศรีสุริฉัน Tambon Khok Kham, Amphoe Mueang Samut Sakhon, Chang Wat Samut Sakhon 74000, Thailand",확인 필요,13.575960,100.336368,"[{""types"": [""route""], ""long_text"": ""ถนน ศรีสุริฉัน"", ""short_text"": ""ถนน ศรีสุริฉัน"", ""language_code"": null, ""source_api"": ""geocoding""}, {""types"": [""locality"", ""political""], ""long_text"": ""Tambon Khok Kham"", ""short_text"": ""ต.โคกขาม"", ""language_code"": null, ""source_api"": ""geocoding""}, {""types"": [""administrative_area_level_2"", ""political""], ""long_text"": ""Amphoe Mueang Samut Sakhon"", ""short_text"": ""อ. เมือง สมุทรสาคร"", ""language_code"": null, ""source_api"": ""geocoding""}, {""types"": [""administrative_area_level_1"", ""political""], ""long_text"": ""Chang Wat Samut Sakhon"", ""short_text"": ""จ.สมุทรสาคร"", ""language_code"": null, ""source_api"": ""geocoding""}, {""types"": [""country"", ""political""], ""long_text"": ""Thailand"", ""short_text"": ""TH"", ""language_code"": null, ""source_api"": ""geocoding""}, {""types"": [""postal_code""], ""long_text"": ""74000"", ""short_text"": ""74000"", ""language_code"": null, ""source_api"": ""geocoding""}]",F33D8D,36-850-2218
