row_uid,entity_id,seed_id,role,case_class,variant_type,perturbed_fields,difficulty,compare_uid,expected_gate,expected_verdict,component_gates,expected_match_entity,is_new_numbering
R000,E000,0,reference,reference,,,,,,,,E000,False
R001,E001,1,reference,reference,,,,,,,,E001,False
R002,E002,2,reference,reference,,,,,,,,E002,False
R003,E003,3,reference,reference,,,,,,,,E003,False
R004,E004,4,reference,reference,,,,,,,,E004,False
R005,E005,5,reference,reference,,,,,,,,E005,False
R006,E006,6,reference,reference,,,,,,,,E006,False
R007,E007,7,reference,reference,,,,,,,,E007,False
R008,E008,8,reference,reference,,,,,,,,E008,False
R009,E009,9,reference,reference,,,,,,,,E009,False
R010,E010,10,reference,reference,,,,,,,,E010,False
R011,E011,11,reference,reference,,,,,,,,E011,False
R012,E012,12,reference,reference,,,,,,,,E012,False
R013,E013,13,reference,reference,,,,,,,,E013,False
R014,E014,14,reference,reference,,,,,,,,E014,False
R015,E015,15,reference,reference,,,,,,,,E015,False
R016,E016,16,reference,reference,,,,,,,,E016,False
R017,E017,17,reference,reference,,,,,,,,E017,False
R018,E018,18,reference,reference,,,,,,,,E018,False
R019,E019,19,reference,reference,,,,,,,,E019,False
R020,E020,20,reference,reference,,,,,,,,E020,False
R021,E021,21,reference,reference,,,,,,,,E021,False
R022,E022,22,reference,reference,,,,,,,,E022,False
R023,E023,23,reference,reference,,,,,,,,E023,False
R024,E024,24,reference,reference,,,,,,,,E024,False
R025,E025,25,reference,reference,,,,,,,,E025,False
R026,E026,26,reference,reference,,,,,,,,E026,False
R027,E027,27,reference,reference,,,,,,,,E027,False
R028,E028,28,reference,reference,,,,,,,,E028,False
R029,E029,29,reference,reference,,,,,,,,E029,False
R030,E030,30,reference,reference,,,,,,,,E030,False
R031,E031,31,reference,reference_dup,,,,,,,,E031,False
R032,E032,32,reference,reference,,,,,,,,E032,False
R033,E033,33,reference,reference,,,,,,,,E033,False
R034,E034,34,reference,reference,,,,,,,,E034,False
R035,E031,35,reference,reference_dup,,,,,,,,E031,False
R036,E035,36,reference,reference,,,,,,,,E035,False
R037,E036,37,reference,reference,,,,,,,,E036,False
Q0001,E000,0,query,TP_variant,code_hyphen,code,easy,R000,code,EQUAL,,E000,False
Q0002,E000,0,query,TP_variant,addr_drop_detail,addr,med,R000,addr,EQUAL,,E000,False
Q0003,E000,0,query,TP_variant,duns_hyphen,duns,easy,R000,duns,EQUAL,,E000,False
Q0004,E000,0,query,TP_variant,duns_typo1,duns,med,R000,duns,SIMILAR,,E000,False
Q0005,E001,1,query,TP_variant,addr_abbr_iso,addr,med,R001,addr,EQUAL,,E001,False
Q0006,E001,1,query,TP_variant,duns_typo1,duns,med,R001,duns,SIMILAR,,E001,False
Q0007,E001,1,query,TP_variant,name_typo1,name,med,R001,name,EQUAL,,E001,False
Q0008,E001,1,query,TP_variant,code_hyphen,code,easy,R001,code,EQUAL,,E001,False
Q0009,E002,2,query,TP_variant,code_missing,code,easy,R002,code,SKIP,,E002,False
Q0010,E002,2,query,TP_variant,name_case_punct,name,easy,R002,name,EQUAL,,E002,False
Q0011,E002,2,query,TP_variant,addr_lower_reorder,addr,med,R002,addr,EQUAL,,E002,False
Q0012,E002,2,query,TP_variant,addr_abbr_iso,addr,med,R002,addr,EQUAL,,E002,False
Q0013,E004,4,query,TP_variant,duns_typo1,duns,med,R004,duns,SIMILAR,,E004,False
Q0014,E004,4,query,TP_variant,coord_none,coord,med,R004,coord,SKIP,,E004,False
Q0015,E004,4,query,TP_variant,coord_drift_99m,coord,hard,R004,coord,EQUAL,,E004,False
Q0016,E004,4,query,TP_variant,name_typo1,name,med,R004,name,EQUAL,,E004,False
Q0017,E005,5,query,TP_variant,name_word_order,name,hard,R005,name,,,E005,False
Q0018,E005,5,query,TP_variant,code_hyphen,code,easy,R005,code,EQUAL,,E005,False
Q0019,E005,5,query,TP_variant,name_legal_suffix,name,easy,R005,name,EQUAL,,E005,False
Q0020,E005,5,query,TP_variant,code_typo1,code,med,R005,code,SIMILAR,,E005,False
Q0021,E006,6,query,TP_variant,code_hyphen,code,easy,R006,code,EQUAL,,E006,False
Q0022,E006,6,query,TP_variant,addr_drop_detail,addr,med,R006,addr,EQUAL,,E006,False
Q0023,E006,6,query,TP_variant,code_typo1,code,med,R006,code,SIMILAR,,E006,False
Q0024,E006,6,query,TP_variant,name_word_order,name,hard,R006,name,,,E006,False
Q0025,E008,8,query,TP_variant,coord_none,coord,med,R008,coord,SKIP,,E008,False
Q0026,E008,8,query,TP_variant,addr_lower_reorder,addr,med,R008,addr,EQUAL,,E008,False
Q0027,E008,8,query,TP_variant,name_case_punct,name,easy,R008,name,EQUAL,,E008,False
Q0028,E008,8,query,TP_variant,addr_drop_detail,addr,med,R008,addr,EQUAL,,E008,False
Q0029,E009,9,query,TP_variant,code_hyphen,code,easy,R009,code,EQUAL,,E009,False
Q0030,E009,9,query,TP_variant,duns_hyphen,duns,easy,R009,duns,EQUAL,,E009,False
Q0031,E009,9,query,TP_variant,addr_upper_typo1,addr,hard,R009,addr,SIMILAR,,E009,False
Q0032,E009,9,query,TP_variant,code_typo1,code,med,R009,code,SIMILAR,,E009,False
Q0033,E010,10,query,TP_variant,code_typo1,code,med,R010,code,SIMILAR,,E010,False
Q0034,E010,10,query,TP_variant,coord_none,coord,med,R010,coord,SKIP,,E010,False
Q0035,E010,10,query,TP_variant,name_word_order,name,hard,R010,name,,,E010,False
Q0036,E010,10,query,TP_variant,duns_typo1,duns,med,R010,duns,SIMILAR,,E010,False
Q0037,E011,11,query,TP_variant,coord_none,coord,med,R011,coord,SKIP,,E011,False
Q0038,E011,11,query,TP_variant,coord_drift_99m,coord,hard,R011,coord,EQUAL,,E011,False
Q0039,E011,11,query,TP_variant,code_typo1,code,med,R011,code,SIMILAR,,E011,False
Q0040,E011,11,query,TP_variant,addr_lower_reorder,addr,med,R011,addr,SIMILAR,,E011,False
Q0041,E012,12,query,TP_variant,name_word_order,name,hard,R012,name,,,E012,False
Q0042,E012,12,query,TP_variant,code_hyphen,code,easy,R012,code,EQUAL,,E012,False
Q0043,E012,12,query,TP_variant,duns_hyphen,duns,easy,R012,duns,EQUAL,,E012,False
Q0044,E012,12,query,TP_variant,name_typo1,name,med,R012,name,EQUAL,,E012,False
Q0045,E013,13,query,TP_variant,name_legal_suffix,name,easy,R013,name,EQUAL,,E013,False
Q0046,E013,13,query,TP_variant,name_typo1,name,med,R013,name,EQUAL,,E013,False
Q0047,E013,13,query,TP_variant,duns_hyphen,duns,easy,R013,duns,EQUAL,,E013,False
Q0048,E013,13,query,TP_variant,addr_abbr_iso,addr,med,R013,addr,EQUAL,,E013,False
Q0049,E014,14,query,TP_variant,coord_drift_99m,coord,hard,R014,coord,EQUAL,,E014,False
Q0050,E014,14,query,TP_variant,addr_upper_typo1,addr,hard,R014,addr,SIMILAR,,E014,False
Q0051,E014,14,query,TP_variant,duns_typo1,duns,med,R014,duns,SIMILAR,,E014,False
Q0052,E014,14,query,TP_variant,addr_drop_detail,addr,med,R014,addr,EQUAL,,E014,False
Q0053,E015,15,query,TP_variant,addr_lower_reorder,addr,med,R015,addr,SIMILAR,,E015,False
Q0054,E015,15,query,TP_variant,code_hyphen,code,easy,R015,code,EQUAL,,E015,False
Q0055,E015,15,query,TP_variant,name_legal_suffix,name,easy,R015,name,EQUAL,,E015,False
Q0056,E015,15,query,TP_variant,duns_typo1,duns,med,R015,duns,SIMILAR,,E015,False
Q0057,E016,16,query,TP_variant,code_typo1,code,med,R016,code,SIMILAR,,E016,False
Q0058,E016,16,query,TP_variant,coord_none,coord,med,R016,coord,SKIP,,E016,False
Q0059,E016,16,query,TP_variant,name_case_punct,name,easy,R016,name,EQUAL,,E016,False
Q0060,E016,16,query,TP_variant,coord_drift_50m,coord,easy,R016,coord,EQUAL,,E016,False
Q0061,E017,17,query,TP_variant,name_word_order,name,hard,R017,name,,,E017,False
Q0062,E017,17,query,TP_variant,name_case_punct,name,easy,R017,name,EQUAL,,E017,False
Q0063,E017,17,query,TP_variant,coord_drift_50m,coord,easy,R017,coord,EQUAL,,E017,False
Q0064,E017,17,query,TP_variant,code_typo1,code,med,R017,code,SIMILAR,,E017,False
Q0065,E018,18,query,TP_variant,addr_upper_typo1,addr,hard,R018,addr,SIMILAR,,E018,False
Q0066,E018,18,query,TP_variant,name_legal_suffix,name,easy,R018,name,EQUAL,,E018,False
Q0067,E018,18,query,TP_variant,coord_none,coord,med,R018,coord,SKIP,,E018,False
Q0068,E018,18,query,TP_variant,coord_drift_50m,coord,easy,R018,coord,EQUAL,,E018,False
Q0069,E019,19,query,TP_variant,name_legal_suffix,name,easy,R019,name,EQUAL,,E019,False
Q0070,E019,19,query,TP_variant,duns_typo1,duns,med,R019,duns,SIMILAR,,E019,False
Q0071,E019,19,query,TP_variant,addr_abbr_iso,addr,med,R019,addr,EQUAL,,E019,False
Q0072,E019,19,query,TP_variant,name_typo1,name,med,R019,name,EQUAL,,E019,False
Q0073,E020,20,query,TP_variant,addr_abbr_iso,addr,med,R020,addr,EQUAL,,E020,False
Q0074,E020,20,query,TP_variant,name_typo1,name,med,R020,name,EQUAL,,E020,False
Q0075,E020,20,query,TP_variant,name_case_punct,name,easy,R020,name,EQUAL,,E020,False
Q0076,E020,20,query,TP_variant,coord_none,coord,med,R020,coord,SKIP,,E020,False
Q0077,E021,21,query,TP_variant,addr_lower_reorder,addr,med,R021,addr,SIMILAR,,E021,False
Q0078,E021,21,query,TP_variant,name_legal_suffix,name,easy,R021,name,EQUAL,,E021,False
Q0079,E021,21,query,TP_variant,code_missing,code,easy,R021,code,SKIP,,E021,False
Q0080,E021,21,query,TP_variant,coord_drift_99m,coord,hard,R021,coord,EQUAL,,E021,False
Q0081,E022,22,query,TP_variant,code_missing,code,easy,R022,code,SKIP,,E022,False
Q0082,E022,22,query,TP_variant,name_typo1,name,med,R022,name,EQUAL,,E022,False
Q0083,E022,22,query,TP_variant,addr_abbr_iso,addr,med,R022,addr,EQUAL,,E022,False
Q0084,E022,22,query,TP_variant,duns_typo1,duns,med,R022,duns,SIMILAR,,E022,False
Q0085,E023,23,query,TP_variant,code_hyphen,code,easy,R023,code,EQUAL,,E023,False
Q0086,E023,23,query,TP_variant,code_typo1,code,med,R023,code,SIMILAR,,E023,False
Q0087,E023,23,query,TP_variant,addr_upper_typo1,addr,hard,R023,addr,SIMILAR,,E023,False
Q0088,E023,23,query,TP_variant,code_missing,code,easy,R023,code,SKIP,,E023,False
Q0089,E024,24,query,TP_variant,code_typo1,code,med,R024,code,SIMILAR,,E024,False
Q0090,E024,24,query,TP_variant,addr_lower_reorder,addr,med,R024,addr,EQUAL,,E024,False
Q0091,E024,24,query,TP_variant,code_hyphen,code,easy,R024,code,EQUAL,,E024,False
Q0092,E024,24,query,TP_variant,name_typo1,name,med,R024,name,EQUAL,,E024,False
Q0093,E025,25,query,TP_variant,code_missing,code,easy,R025,code,SKIP,,E025,False
Q0094,E025,25,query,TP_variant,duns_typo1,duns,med,R025,duns,SIMILAR,,E025,False
Q0095,E025,25,query,TP_variant,name_case_punct,name,easy,R025,name,EQUAL,,E025,False
Q0096,E025,25,query,TP_variant,addr_upper_typo1,addr,hard,R025,addr,SIMILAR,,E025,False
Q0097,E026,26,query,TP_variant,name_case_punct,name,easy,R026,name,EQUAL,,E026,False
Q0098,E026,26,query,TP_variant,code_missing,code,easy,R026,code,SKIP,,E026,False
Q0099,E026,26,query,TP_variant,code_hyphen,code,easy,R026,code,EQUAL,,E026,False
Q0100,E026,26,query,TP_variant,duns_typo1,duns,med,R026,duns,SIMILAR,,E026,False
Q0101,E027,27,query,TP_variant,name_typo1,name,med,R027,name,EQUAL,,E027,False
Q0102,E027,27,query,TP_variant,name_word_order,name,hard,R027,name,,,E027,False
Q0103,E027,27,query,TP_variant,addr_drop_detail,addr,med,R027,addr,EQUAL,,E027,False
Q0104,E027,27,query,TP_variant,addr_upper_typo1,addr,hard,R027,addr,SIMILAR,,E027,False
Q0105,E028,28,query,TP_variant,code_typo1,code,med,R028,code,SIMILAR,,E028,False
Q0106,E028,28,query,TP_variant,coord_none,coord,med,R028,coord,SKIP,,E028,False
Q0107,E028,28,query,TP_variant,addr_abbr_iso,addr,med,R028,addr,EQUAL,,E028,False
Q0108,E028,28,query,TP_variant,coord_drift_50m,coord,easy,R028,coord,EQUAL,,E028,False
Q0109,E029,29,query,TP_variant,addr_lower_reorder,addr,med,R029,addr,SIMILAR,,E029,False
Q0110,E029,29,query,TP_variant,code_hyphen,code,easy,R029,code,EQUAL,,E029,False
Q0111,E029,29,query,TP_variant,coord_none,coord,med,R029,coord,SKIP,,E029,False
Q0112,E029,29,query,TP_variant,code_missing,code,easy,R029,code,SKIP,,E029,False
Q0113,E030,30,query,TP_variant,name_case_punct,name,easy,R030,name,EQUAL,,E030,False
Q0114,E030,30,query,TP_variant,code_typo1,code,med,R030,code,SIMILAR,,E030,False
Q0115,E030,30,query,TP_variant,addr_abbr_iso,addr,med,R030,addr,EQUAL,,E030,False
Q0116,E030,30,query,TP_variant,name_word_order,name,hard,R030,name,,,E030,False
Q0117,E031,31,query,TP_variant,code_hyphen,code,easy,R031,code,EQUAL,,E031,False
Q0118,E031,31,query,TP_variant,name_typo1,name,med,R031,name,EQUAL,,E031,False
Q0119,E031,31,query,TP_variant,duns_typo1,duns,med,R031,duns,SIMILAR,,E031,False
Q0120,E031,31,query,TP_variant,name_case_punct,name,easy,R031,name,EQUAL,,E031,False
Q0121,E033,33,query,TP_variant,code_hyphen,code,easy,R033,code,EQUAL,,E033,False
Q0122,E033,33,query,TP_variant,duns_hyphen,duns,easy,R033,duns,EQUAL,,E033,False
Q0123,E033,33,query,TP_variant,addr_upper_typo1,addr,hard,R033,addr,SIMILAR,,E033,False
Q0124,E033,33,query,TP_variant,coord_drift_50m,coord,easy,R033,coord,EQUAL,,E033,False
Q0125,E034,34,query,TP_variant,code_hyphen,code,easy,R034,code,EQUAL,,E034,False
Q0126,E034,34,query,TP_variant,name_case_punct,name,easy,R034,name,EQUAL,,E034,False
Q0127,E034,34,query,TP_variant,duns_typo1,duns,med,R034,duns,SIMILAR,,E034,False
Q0128,E034,34,query,TP_variant,name_typo1,name,med,R034,name,EQUAL,,E034,False
Q0129,E035,36,query,TP_variant,addr_drop_detail,addr,med,R036,addr,EQUAL,,E035,False
Q0130,E035,36,query,TP_variant,code_missing,code,easy,R036,code,SKIP,,E035,False
Q0131,E035,36,query,TP_variant,name_word_order,name,hard,R036,name,,,E035,False
Q0132,E035,36,query,TP_variant,name_case_punct,name,easy,R036,name,EQUAL,,E035,False
Q0133,E036,37,query,TP_variant,code_missing,code,easy,R037,code,SKIP,,E036,False
Q0134,E036,37,query,TP_variant,code_typo1,code,med,R037,code,SIMILAR,,E036,False
Q0135,E036,37,query,TP_variant,addr_lower_reorder,addr,med,R037,addr,SIMILAR,,E036,False
Q0136,E036,37,query,TP_variant,name_typo1,name,med,R037,name,EQUAL,,E036,False
Q0137,E000,0,query,TP_composite,combo:combo_mid,name;coord;addr;code;duns,hard,R000,,,coord:DIFFERENT;addr:DIFFERENT;code:SKIP;duns:SKIP,E000,False
Q0138,E000,0,query,TP_composite,combo:combo_mid_high,name;code;duns,med,R000,,,code:SKIP;duns:SKIP,E000,False
Q0139,E001,1,query,TP_composite,combo:combo_low_veto,name;code,hard,R001,,,code:DIFFERENT,E001,False
Q0140,E001,1,query,TP_composite,combo:combo_mid_high,name;code;duns,med,R001,,,code:SKIP;duns:SKIP,E001,False
Q0141,E002,2,query,TP_composite,combo:combo_low_veto,name;code,hard,R002,,,code:DIFFERENT,E002,False
Q0142,E002,2,query,TP_composite,combo:combo_mid,name;coord;addr;code;duns,hard,R002,,,coord:DIFFERENT;addr:DIFFERENT;code:SKIP;duns:SKIP,E002,False
Q0143,E004,4,query,TP_composite,combo:combo_mid_high,name;code;duns,med,R004,,,code:SKIP;duns:SKIP,E004,False
Q0144,E004,4,query,TP_composite,combo:combo_mid,name;coord;addr;code;duns,hard,R004,,,coord:DIFFERENT;addr:DIFFERENT;code:SKIP;duns:SKIP,E004,False
Q0145,E005,5,query,TP_composite,combo:combo_mid,name;coord;addr;code;duns,hard,R005,,,coord:DIFFERENT;addr:DIFFERENT;code:SKIP;duns:SKIP,E005,False
Q0146,E005,5,query,TP_composite,combo:combo_mid_high,name;code;duns,med,R005,,,code:SKIP;duns:SKIP,E005,False
Q0147,E006,6,query,TP_composite,combo:combo_mid_high,name;code;duns,med,R006,,,code:SKIP;duns:SKIP,E006,False
Q0148,E006,6,query,TP_composite,combo:combo_low_veto,name;code,hard,R006,,,code:DIFFERENT,E006,False
Q0149,E008,8,query,TP_composite,combo:combo_mid,name;coord;addr;code;duns,hard,R008,,,coord:DIFFERENT;addr:DIFFERENT;code:SKIP;duns:SKIP,E008,False
Q0150,E008,8,query,TP_composite,combo:combo_mid_high,name;code;duns,med,R008,,,code:SKIP;duns:SKIP,E008,False
Q0151,E009,9,query,TP_composite,combo:combo_mid_high,name;code;duns,med,R009,,,code:SKIP;duns:SKIP,E009,False
Q0152,E009,9,query,TP_composite,combo:combo_mid,name;coord;addr;code;duns,hard,R009,,,coord:DIFFERENT;addr:DIFFERENT;code:SKIP;duns:SKIP,E009,False
Q0153,E010,10,query,TP_composite,combo:combo_mid,name;coord;addr;code;duns,hard,R010,,,coord:DIFFERENT;addr:DIFFERENT;code:SKIP;duns:SKIP,E010,False
Q0154,E010,10,query,TP_composite,combo:combo_low_veto,name;code,hard,R010,,,code:DIFFERENT,E010,False
Q0155,E011,11,query,TP_composite,combo:combo_low_veto,name;code,hard,R011,,,code:DIFFERENT,E011,False
Q0156,E011,11,query,TP_composite,combo:combo_mid_high,name;code;duns,med,R011,,,code:SKIP;duns:SKIP,E011,False
Q0157,E012,12,query,TP_composite,combo:combo_low_veto,name;code,hard,R012,,,code:DIFFERENT,E012,False
Q0158,E012,12,query,TP_composite,combo:combo_mid_high,name;code;duns,med,R012,,,code:SKIP;duns:SKIP,E012,False
Q0159,E013,13,query,TP_composite,combo:combo_mid,name;coord;addr;code;duns,hard,R013,,,coord:DIFFERENT;addr:DIFFERENT;code:SKIP;duns:SKIP,E013,False
Q0160,E013,13,query,TP_composite,combo:combo_mid_high,name;code;duns,med,R013,,,code:SKIP;duns:SKIP,E013,False
Q0161,E014,14,query,TP_composite,combo:combo_mid_high,name;code;duns,med,R014,,,code:SKIP;duns:SKIP,E014,False
Q0162,E014,14,query,TP_composite,combo:combo_low_veto,name;code,hard,R014,,,code:DIFFERENT,E014,False
Q0163,E015,15,query,TP_composite,combo:combo_mid_high,name;code;duns,med,R015,,,code:SKIP;duns:SKIP,E015,False
Q0164,E015,15,query,TP_composite,combo:combo_mid,name;coord;addr;code;duns,hard,R015,,,coord:DIFFERENT;addr:DIFFERENT;code:SKIP;duns:SKIP,E015,False
Q0165,E016,16,query,TP_composite,combo:combo_mid_high,name;code;duns,med,R016,,,code:SKIP;duns:SKIP,E016,False
Q0166,E016,16,query,TP_composite,combo:combo_mid,name;coord;addr;code;duns,hard,R016,,,coord:DIFFERENT;addr:DIFFERENT;code:SKIP;duns:SKIP,E016,False
Q0167,E017,17,query,TP_composite,combo:combo_low_veto,name;code,hard,R017,,,code:DIFFERENT,E017,False
Q0168,E017,17,query,TP_composite,combo:combo_mid_high,name;code;duns,med,R017,,,code:SKIP;duns:SKIP,E017,False
Q0169,E018,18,query,TP_composite,combo:combo_low_veto,name;code,hard,R018,,,code:DIFFERENT,E018,False
Q0170,E018,18,query,TP_composite,combo:combo_mid,name;coord;addr;code;duns,hard,R018,,,coord:DIFFERENT;addr:DIFFERENT;code:SKIP;duns:SKIP,E018,False
Q0171,E019,19,query,TP_composite,combo:combo_mid_high,name;code;duns,med,R019,,,code:SKIP;duns:SKIP,E019,False
Q0172,E019,19,query,TP_composite,combo:combo_low_veto,name;code,hard,R019,,,code:DIFFERENT,E019,False
Q0173,E020,20,query,TP_composite,combo:combo_low_veto,name;code,hard,R020,,,code:DIFFERENT,E020,False
Q0174,E020,20,query,TP_composite,combo:combo_mid,name;coord;addr;code;duns,hard,R020,,,coord:DIFFERENT;addr:DIFFERENT;code:SKIP;duns:SKIP,E020,False
Q0175,E021,21,query,TP_composite,combo:combo_mid_high,name;code;duns,med,R021,,,code:SKIP;duns:SKIP,E021,False
Q0176,E021,21,query,TP_composite,combo:combo_mid,name;coord;addr;code;duns,hard,R021,,,coord:DIFFERENT;addr:DIFFERENT;code:SKIP;duns:SKIP,E021,False
Q0177,E022,22,query,TP_composite,combo:combo_mid,name;coord;addr;code;duns,hard,R022,,,coord:DIFFERENT;addr:DIFFERENT;code:SKIP;duns:SKIP,E022,False
Q0178,E022,22,query,TP_composite,combo:combo_low_veto,name;code,hard,R022,,,code:DIFFERENT,E022,False
Q0179,E023,23,query,TP_composite,combo:combo_mid_high,name;code;duns,med,R023,,,code:SKIP;duns:SKIP,E023,False
Q0180,E023,23,query,TP_composite,combo:combo_mid,name;coord;addr;code;duns,hard,R023,,,coord:DIFFERENT;addr:DIFFERENT;code:SKIP;duns:SKIP,E023,False
Q0181,E024,24,query,TP_composite,combo:combo_low_veto,name;code,hard,R024,,,code:DIFFERENT,E024,False
Q0182,E024,24,query,TP_composite,combo:combo_mid_high,name;code;duns,med,R024,,,code:SKIP;duns:SKIP,E024,False
Q0183,E025,25,query,TP_composite,combo:combo_low_veto,name;code,hard,R025,,,code:DIFFERENT,E025,False
Q0184,E025,25,query,TP_composite,combo:combo_mid_high,name;code;duns,med,R025,,,code:SKIP;duns:SKIP,E025,False
Q0185,E026,26,query,TP_composite,combo:combo_mid_high,name;code;duns,med,R026,,,code:SKIP;duns:SKIP,E026,False
Q0186,E026,26,query,TP_composite,combo:combo_mid,name;coord;addr;code;duns,hard,R026,,,coord:DIFFERENT;addr:DIFFERENT;code:SKIP;duns:SKIP,E026,False
Q0187,E027,27,query,TP_composite,combo:combo_mid,name;coord;addr;code;duns,hard,R027,,,coord:DIFFERENT;addr:DIFFERENT;code:SKIP;duns:SKIP,E027,False
Q0188,E027,27,query,TP_composite,combo:combo_low_veto,name;code,hard,R027,,,code:DIFFERENT,E027,False
Q0189,E028,28,query,TP_composite,combo:combo_mid,name;coord;addr;code;duns,hard,R028,,,coord:DIFFERENT;addr:DIFFERENT;code:SKIP;duns:SKIP,E028,False
Q0190,E028,28,query,TP_composite,combo:combo_low_veto,name;code,hard,R028,,,code:DIFFERENT,E028,False
Q0191,E029,29,query,TP_composite,combo:combo_mid_high,name;code;duns,med,R029,,,code:SKIP;duns:SKIP,E029,False
Q0192,E029,29,query,TP_composite,combo:combo_mid,name;coord;addr;code;duns,hard,R029,,,coord:DIFFERENT;addr:DIFFERENT;code:SKIP;duns:SKIP,E029,False
Q0193,E030,30,query,TP_composite,combo:combo_low_veto,name;code,hard,R030,,,code:DIFFERENT,E030,False
Q0194,E030,30,query,TP_composite,combo:combo_mid_high,name;code;duns,med,R030,,,code:SKIP;duns:SKIP,E030,False
Q0195,E031,31,query,TP_composite,combo:combo_mid,name;coord;addr;code;duns,hard,R031,,,coord:DIFFERENT;addr:DIFFERENT;code:SKIP;duns:SKIP,E031,False
Q0196,E031,31,query,TP_composite,combo:combo_mid_high,name;code;duns,med,R031,,,code:SKIP;duns:SKIP,E031,False
Q0197,E033,33,query,TP_composite,combo:combo_mid_high,name;code;duns,med,R033,,,code:SKIP;duns:SKIP,E033,False
Q0198,E033,33,query,TP_composite,combo:combo_mid,name;coord;addr;code;duns,hard,R033,,,coord:DIFFERENT;addr:DIFFERENT;code:SKIP;duns:SKIP,E033,False
Q0199,E034,34,query,TP_composite,combo:combo_low_veto,name;code,hard,R034,,,code:DIFFERENT,E034,False
Q0200,E034,34,query,TP_composite,combo:combo_mid,name;coord;addr;code;duns,hard,R034,,,coord:DIFFERENT;addr:DIFFERENT;code:SKIP;duns:SKIP,E034,False
Q0201,E035,36,query,TP_composite,combo:combo_mid_high,name;code;duns,med,R036,,,code:SKIP;duns:SKIP,E035,False
Q0202,E035,36,query,TP_composite,combo:combo_mid,name;coord;addr;code;duns,hard,R036,,,coord:DIFFERENT;addr:DIFFERENT;code:SKIP;duns:SKIP,E035,False
Q0203,E036,37,query,TP_composite,combo:combo_mid_high,name;code;duns,med,R037,,,code:SKIP;duns:SKIP,E036,False
Q0204,E036,37,query,TP_composite,combo:combo_low_veto,name;code,hard,R037,,,code:DIFFERENT,E036,False
Q0205,FPADJ0,0,query,FP_adjacent,same_addr_diff_company,name,hard,,,,,,True
Q0206,FPADJ1,1,query,FP_adjacent,same_addr_diff_company,name,hard,,,,,,True
Q0207,FPADJ2,2,query,FP_adjacent,same_addr_diff_company,name,hard,,,,,,True
Q0208,FPADJ3,4,query,FP_adjacent,same_addr_diff_company,name,hard,,,,,,True
Q0209,FPADJ4,5,query,FP_adjacent,same_addr_diff_company,name,hard,,,,,,True
Q0210,FPADJ5,6,query,FP_adjacent,same_addr_diff_company,name,hard,,,,,,True
Q0211,FPBR0,0,query,FP_branch,same_name_diff_location,name;addr;coord,hard,,,,,,True
Q0212,FPBR1,1,query,FP_branch,same_name_diff_location,name;addr;coord,hard,,,,,,True
Q0213,FPBR2,2,query,FP_branch,same_name_diff_location,name;addr;coord,hard,,,,,,True
Q0214,FPBR3,4,query,FP_branch,same_name_diff_location,name;addr;coord,hard,,,,,,True
Q0215,FPBR4,5,query,FP_branch,same_name_diff_location,name;addr;coord,hard,,,,,,True
Q0216,FPBR5,6,query,FP_branch,same_name_diff_location,name;addr;coord,hard,,,,,,True
RS00,FPSNREF0,0,reference,FP_similar_name,,,,,,,,FPSNREF0,False
Q0217,FPSN0,0,query,FP_similar_name,industry_stopword_only,name,hard,RS00,name,,,,True
RS01,FPSNREF1,1,reference,FP_similar_name,,,,,,,,FPSNREF1,False
Q0218,FPSN1,1,query,FP_similar_name,industry_stopword_only,name,hard,RS01,name,,,,True
RS02,FPSNREF2,2,reference,FP_similar_name,,,,,,,,FPSNREF2,False
Q0219,FPSN2,2,query,FP_similar_name,industry_stopword_only,name,hard,RS02,name,,,,True
RS03,FPSNREF3,4,reference,FP_similar_name,,,,,,,,FPSNREF3,False
Q0220,FPSN3,4,query,FP_similar_name,industry_stopword_only,name,hard,RS03,name,,,,True
Q0221,IDCOL0,0,query,identifier_collision,shared_code_diff_entity,code,hard,,,,,,True
Q0222,IDCOL1,1,query,identifier_collision,shared_code_diff_entity,code,hard,,,,,,True
Q0223,IDCOL2,2,query,identifier_collision,shared_code_diff_entity,code,hard,,,,,,True
Q0224,NEW0,,query,new_numbering,novel_entity,,easy,,,,,,True
Q0225,NEW1,,query,new_numbering,novel_entity,,easy,,,,,,True
Q0226,NEW2,,query,new_numbering,novel_entity,,easy,,,,,,True
Q0227,NEW3,,query,new_numbering,novel_entity,,easy,,,,,,True
Q0228,TN0,,query,TN_random,unrelated,,easy,,,,,,True
Q0229,TN1,,query,TN_random,unrelated,,easy,,,,,,True
Q0230,TN2,,query,TN_random,unrelated,,easy,,,,,,True
