No.,Status,Site Code,Site 유형,업체,항구/공항 코드,기업식별 코드,Duns No.,국가/지역,행정구역,주소(Eng),주소(Local),위도,경도,관련 협력사 코드,수정일,Site 출처,STD 주소,STD 업체명,표준화,분류 코드,비고,표준 위도,표준 경도,place_id,참조 URL,addressComponents
1,재검토요청,S448903,제조업체,한라정밀,,5076197511,321872374,KR: 한국,13: Seoul,"중구 을지로 26, Seoul 04539",서울특별시 중구 을지로 26 (04539),37.566010,126.982877,D7DQ,2026-02-11,원 메이커,"26 Euljiro, Jung-gu, Seoul, Seoul 04539",한라정밀,확인 필요,UNVERIFIED_NOT_FOUND,표준·기존 좌표는 정합하나 TextSearch에서 업체 미발견,37.566010,126.982877,,https://www.google.com/maps/search/?api=1&query=%ED%95%9C%EB%9D%BC%EC%A0%95%EB%B0%80%20%EC%84%9C%EC%9A%B8%ED%8A%B9%EB%B3%84%EC%8B%9C%20%EC%A4%91%EA%B5%AC%20%EC%9D%84%EC%A7%80%EB%A1%9C%2026%20%2804539%29,"[{""types"": [""street_number""], ""long_text"": ""26"", ""short_text"": ""26"", ""language_code"": null, ""source_api"": ""geocoding""}, {""types"": [""route""], ""long_text"": ""26 Euljiro, Jung-gu"", ""short_text"": ""26 Euljiro, Jung-gu"", ""language_code"": null, ""source_api"": ""geocoding""}, {""types"": [""locality""], ""long_text"": ""Seoul"", ""short_text"": ""Seoul"", ""language_code"": null, ""source_api"": ""geocoding""}, {""types"": [""administrative_area_level_1""], ""long_text"": ""Seoul"", ""short_text"": ""Seoul"", ""language_code"": null, ""source_api"": ""geocoding""}, {""types"": [""country""], ""long_text"": ""한국"", ""short_text"": ""KR"", ""language_code"": null, ""source_api"": ""geocoding""}, {""types"": [""postal_code""], ""long_text"": ""04539"", ""short_text"": ""04539"", ""language_code"": null, ""source_api"": ""geocoding""}]"
2,검증중,S620541,항구,日本精密,JPTYO,3530641244,02-442-6764,JP: 일본,13: Tokyo,"2-11-1 Nagatacho, Chiyoda-ku, Tokyo",100-0014 東京都千代田区永田町2-11-1,35.676190,139.744730,C7AY,2026-06-09,Supply Tree,"2-11-1 Nagatacho, Chiyoda-ku, Tokyo, Tokyo 100-0014",日本精密,확인 필요,UNVERIFIED_NOT_FOUND,표준·기존 좌표는 정합하나 TextSearch에서 업체 미발견,35.676190,139.744730,,https://www.google.com/maps/search/?api=1&query=%E6%97%A5%E6%9C%AC%E7%B2%BE%E5%AF%86%20100-0014%20%E6%9D%B1%E4%BA%AC%E9%83%BD%E5%8D%83%E4%BB%A3%E7%94%B0%E5%8C%BA%E6%B0%B8%E7%94%B0%E7%94%BA2-11-1,"[{""types"": [""street_number""], ""long_text"": ""2-11-1"", ""short_text"": ""2-11-1"", ""language_code"": null, ""source_api"": ""geocoding""}, {""types"": [""route""], ""long_text"": ""2-11-1 Nagatacho, Chiyoda-ku"", ""short_text"": ""2-11-1 Nagatacho, Chiyoda-ku"", ""language_code"": null, ""source_api"": ""geocoding""}, {""types"": [""locality""], ""long_text"": ""Tokyo"", ""short_text"": ""Tokyo"", ""language_code"": null, ""source_api"": ""geocoding""}, {""types"": [""administrative_area_level_1""], ""long_text"": ""Tokyo"", ""short_text"": ""Tokyo"", ""language_code"": null, ""source_api"": ""geocoding""}, {""types"": [""country""], ""long_text"": ""일본"", ""short_text"": ""JP"", ""language_code"": null, ""source_api"": ""geocoding""}, {""types"": [""postal_code""], ""long_text"": ""100-0014"", ""short_text"": ""100-0014"", ""language_code"": null, ""source_api"": ""geocoding""}]"
37,등록확정,S027465,제조업체,RHEINLAND MATERIALS,,6939474275,62-087-5008,DE: 독일,BY: Bavaria,Marienplatz 8  Munich  Bavaria 80331,"Marienplatz 8, 80331 München",48.137150,11.575490,H4A4,2025-08-26,Supply Tree,"Marienplatz 8, Munich, Bavaria 80331",RHEINLAND MATERIALS,확인 필요,UNVERIFIED_NOT_FOUND,표준·기존 좌표는 정합하나 TextSearch에서 업체 미발견,48.137150,11.575490,,https://www.google.com/maps/search/?api=1&query=RHEINLAND%20MATERIALS%20Marienplatz%208%2C%2080331%20M%C3%BCnchen,"[{""types"": [""street_number""], ""long_text"": ""Marienplatz"", ""short_text"": ""Marienplatz"", ""language_code"": null, ""source_api"": ""geocoding""}, {""types"": [""route""], ""long_text"": ""Marienplatz 8"", ""short_text"": ""Marienplatz 8"", ""language_code"": null, ""source_api"": ""geocoding""}, {""types"": [""locality""], ""long_text"": ""Munich"", ""short_text"": ""Munich"", ""language_code"": null, ""source_api"": ""geocoding""}, {""types"": [""administrative_area_level_1""], ""long_text"": ""Bavaria"", ""short_text"": ""Bavaria"", ""language_code"": null, ""source_api"": ""geocoding""}, {""types"": [""country""], ""long_text"": ""독일"", ""short_text"": ""DE"", ""language_code"": null, ""source_api"": ""geocoding""}, {""types"": [""postal_code""], ""long_text"": ""80331"", ""short_text"": ""80331"", ""language_code"": null, ""source_api"": ""geocoding""}]"
3,검증중,S549561,제조업체,Huaxin Technology,,2390749180,25-927-1009,CN: 중국,440: Guangdong,"10000 Shennan Avenue, Futian District, Shenzhen, Guangdong 518000",广东省深圳市福田区深南大道10000号 518000,22.543611,114.056880,DE4I,2026-06-07,Factory Information,"10000 Shennan Avenue, Futian District, Shenzhen, Guangdong 518000",Huaxin Technology,검증 완료,VERIFIED_GEOCODE_DIRECT,"표준·기존 좌표 정합, 표준좌표 TextSearch 매칭",22.543611,114.056880,mockT:shenzhen:10000-shennan-avenue-futian-district,https://www.google.com/maps/place/?q=place_id:mockT:shenzhen:10000-shennan-avenue-futian-district,"[{""types"": [""route""], ""long_text"": ""10000 Shennan Avenue, Futian District"", ""short_text"": ""10000 Shennan Avenue, Futian District"", ""language_code"": ""en"", ""source_api"": ""places_new""}, {""types"": [""locality""], ""long_text"": ""Shenzhen"", ""short_text"": ""Shenzhen"", ""language_code"": ""en"", ""source_api"": ""places_new""}, {""types"": [""administrative_area_level_1""], ""long_text"": ""Guangdong"", ""short_text"": ""Guangdong"", ""language_code"": ""en"", ""source_api"": ""places_new""}, {""types"": [""country""], ""long_text"": ""중국"", ""short_text"": ""CN"", ""language_code"": ""en"", ""source_api"": ""places_new""}, {""types"": [""postal_code""], ""long_text"": ""518000"", ""short_text"": ""518000"", ""language_code"": ""en"", ""source_api"": ""places_new""}]"
14,검증중,S796334,제조업체,海源部件,,0007853339,040683998,CN: 중국,020: Shanghai,"500 Nanjing Rd., Huangpu District, Shanghai, Shanghai 200001",上海市黄浦区南京路500号 200001,31.235180,121.477500,UM7K,2026-06-05,Factory Information,"500 Nanjing Road, Huangpu District, Shanghai, Shanghai 200001",海源部件,검증 완료,VERIFIED_GEOCODE_DIRECT,"표준·기존 좌표 정합, 표준좌표 TextSearch 매칭 | (영문 주소 경로: UNVERIFIED_PLACEID_MISMATCH)",31.235180,121.477500,mockT:shanghai:500-nanjing-road-huangpu-district,https://www.google.com/maps/place/?q=place_id:mockT:shanghai:500-nanjing-road-huangpu-district,"[{""types"": [""route""], ""long_text"": ""500 Nanjing Road, Huangpu District"", ""short_text"": ""500 Nanjing Road, Huangpu District"", ""language_code"": ""en"", ""source_api"": ""places_new""}, {""types"": [""locality""], ""long_text"": ""Shanghai"", ""short_text"": ""Shanghai"", ""language_code"": ""en"", ""source_api"": ""places_new""}, {""types"": [""administrative_area_level_1""], ""long_text"": ""Shanghai"", ""short_text"": ""Shanghai"", ""language_code"": ""en"", ""source_api"": ""places_new""}, {""types"": [""country""], ""long_text"": ""중국"", ""short_text"": ""CN"", ""language_code"": ""en"", ""source_api"": ""places_new""}, {""types"": [""postal_code""], ""long_text"": ""200001"", ""short_text"": ""200001"", ""language_code"": ""en"", ""source_api"": ""places_new""}]"
15,재검토요청,S214803,제조업체,zhongsheng electronics,,6166544615,817404771,CN: 중국,100: Jiangsu,200 Xinghai Street  Suzhou  Jiangsu 215028,江苏省苏州市星海街200号 215028,31.322450,120.717800,R4F2,2026-09-08,협력사등록,"200 Xinghai Street, Suzhou, Jiangsu 215028",zhongsheng electronics,검증 완료,VERIFIED_GEOCODE_DIRECT,"표준·기존 좌표 정합, 표준좌표 TextSearch 매칭",31.322450,120.717800,mockT:suzhou:200-xinghai-street,https://www.google.com/maps/place/?q=place_id:mockT:suzhou:200-xinghai-street,"[{""types"": [""route""], ""long_text"": ""200 Xinghai Street"", ""short_text"": ""200 Xinghai Street"", ""language_code"": ""en"", ""source_api"": ""places_new""}, {""types"": [""locality""], ""long_text"": ""Suzhou"", ""short_text"": ""Suzhou"", ""language_code"": ""en"", ""source_api"": ""places_new""}, {""types"": [""administrative_area_level_1""], ""long_text"": ""Jiangsu"", ""short_text"": ""Jiangsu"", ""language_code"": ""en"", ""source_api"": ""places_new""}, {""types"": [""country""], ""long_text"": ""중국"", ""short_text"": ""CN"", ""language_code"": ""en"", ""source_api"": ""places_new""}, {""types"": [""postal_code""], ""long_text"": ""215028"", ""short_text"": ""215028"", ""language_code"": ""en"", ""source_api"": ""places_new""}]"
4,임시저장,S918778,제조업체,경인화학주식회사,,1411599780,54-873-2148,KR: 한국,12: Busan,"55 Jung@ng-daero, Dong-gu, Busan, Busan 48821",부산광역시 동구 중앙대로 55 (48821),35.115034,129.041624,F35E,2025-03-08,원 메이커,"55 Jungang-daero, Dong-gu, Busan, Busan 48821",경인화학,검증 완료,VERIFIED_TEXTSEARCH_ADDR_TEXT,"지오코딩·기존좌표 TextSearch 실패, 주소텍스트 TextSearch로 매칭(L1)",,,mockTSA:55-jungang-daero-dong-gu,https://www.google.com/maps/place/?q=place_id:mockTSA:55-jungang-daero-dong-gu,"[{""types"": [""route""], ""long_text"": ""55 Jungang-daero, Dong-gu"", ""short_text"": ""55 Jungang-daero, Dong-gu"", ""language_code"": ""en"", ""source_api"": ""places_new""}, {""types"": [""locality""], ""long_text"": ""Busan"", ""short_text"": ""Busan"", ""language_code"": ""en"", ""source_api"": ""places_new""}, {""types"": [""administrative_area_level_1""], ""long_text"": ""Busan"", ""short_text"": ""Busan"", ""language_code"": ""en"", ""source_api"": ""places_new""}, {""types"": [""country""], ""long_text"": ""한국"", ""short_text"": ""KR"", ""language_code"": ""en"", ""source_api"": ""places_new""}, {""types"": [""postal_code""], ""long_text"": ""48821"", ""short_text"": ""48821"", ""language_code"": ""en"", ""source_api"": ""places_new""}]"
21,검증중,S664560,공항,Sungwoo Materials,ICN,9825457881,344248617,KR: 한국,12: Busan,"55 Jungang-daero, Dong-gu, Busan, Busan 48821",부산광역시 동구 중앙대로 55 (48821),35.115034,129.041624,W9GJ,2025-02-04,Factory Information,"55 Jungang-daero, Dong-gu, Busan, Busan 48821",Sungwoo Materials,검증 완료,VERIFIED_TEXTSEARCH_ADDR_TEXT,"지오코딩·기존좌표 TextSearch 실패, 주소텍스트 TextSearch로 매칭(L1)",,,mockTSA:55-jungang-daero-dong-gu,https://www.google.com/maps/place/?q=place_id:mockTSA:55-jungang-daero-dong-gu,"[{""types"": [""route""], ""long_text"": ""55 Jungang-daero, Dong-gu"", ""short_text"": ""55 Jungang-daero, Dong-gu"", ""language_code"": ""en"", ""source_api"": ""places_new""}, {""types"": [""locality""], ""long_text"": ""Busan"", ""short_text"": ""Busan"", ""language_code"": ""en"", ""source_api"": ""places_new""}, {""types"": [""administrative_area_level_1""], ""long_text"": ""Busan"", ""short_text"": ""Busan"", ""language_code"": ""en"", ""source_api"": ""places_new""}, {""types"": [""country""], ""long_text"": ""한국"", ""short_text"": ""KR"", ""language_code"": ""en"", ""source_api"": ""places_new""}, {""types"": [""postal_code""], ""long_text"": ""48821"", ""short_text"": ""48821"", ""language_code"": ""en"", ""source_api"": ""places_new""}]"
29,재검토요청,S599124,제조업체,Fuji Handotai,,0445226514,07-352-6627,JP: 일본,23: Aichi,"3-1-1 Sakae, Naka-ku, Nagoya, Aichi 460-0008",460-0008 愛知県名古屋市中区栄3-1-1,35.168060,136.908390,UOPF,2025-12-23,원 메이커,"3-1-1 Sakae, Naka-ku, Nagoya, Aichi 460-0008",Fuji Handotai,검증 완료,VERIFIED_TEXTSEARCH_ADDR_TEXT,"지오코딩·기존좌표 TextSearch 실패, 주소텍스트 TextSearch로 매칭(L1)",,,mockTSA:3-1-1-sakae-naka-ku,https://www.google.com/maps/place/?q=place_id:mockTSA:3-1-1-sakae-naka-ku,"[{""types"": [""route""], ""long_text"": ""3-1-1 Sakae, Naka-ku"", ""short_text"": ""3-1-1 Sakae, Naka-ku"", ""language_code"": ""en"", ""source_api"": ""places_new""}, {""types"": [""locality""], ""long_text"": ""Nagoya"", ""short_text"": ""Nagoya"", ""language_code"": ""en"", ""source_api"": ""places_new""}, {""types"": [""administrative_area_level_1""], ""long_text"": ""Aichi"", ""short_text"": ""Aichi"", ""language_code"": ""en"", ""source_api"": ""places_new""}, {""types"": [""country""], ""long_text"": ""일본"", ""short_text"": ""JP"", ""language_code"": ""en"", ""source_api"": ""places_new""}, {""types"": [""postal_code""], ""long_text"": ""460-0008"", ""short_text"": ""460-0008"", ""language_code"": ""en"", ""source_api"": ""places_new""}]"
5,등록확정,S832753,제조업체,海源部件有限公司,,8988328236,93-011-5992,CN: 중국,440: Guangdong,"1 Keyuan Road, Nanshan District, Shenzhen",广东省深圳市南山区科苑路1号 518057,22.537300,113.947700,TADT,2025-12-25,Supply Tree,"1 Keyuan Road, Nanshan District, Shenzhen, Guangdong 518057",海源部件,검증 완료,VERIFIED_GEOCODE_RELAXED,"표준·기존 좌표 정합, 표준좌표 TextSearch 매칭(반경 완화)",22.537300,113.947700,mockT:shenzhen:1-keyuan-road-nanshan-district,https://www.google.com/maps/place/?q=place_id:mockT:shenzhen:1-keyuan-road-nanshan-district,"[{""types"": [""route""], ""long_text"": ""1 Keyuan Road, Nanshan District"", ""short_text"": ""1 Keyuan Road, Nanshan District"", ""language_code"": ""en"", ""source_api"": ""places_new""}, {""types"": [""locality""], ""long_text"": ""Shenzhen"", ""short_text"": ""Shenzhen"", ""language_code"": ""en"", ""source_api"": ""places_new""}, {""types"": [""administrative_area_level_1""], ""long_text"": ""Guangdong"", ""short_text"": ""Guangdong"", ""language_code"": ""en"", ""source_api"": ""places_new""}, {""types"": [""country""], ""long_text"": ""중국"", ""short_text"": ""CN"", ""language_code"": ""en"", ""source_api"": ""places_new""}, {""types"": [""postal_code""], ""long_text"": ""518057"", ""short_text"": ""518057"", ""language_code"": ""en"", ""source_api"": ""places_new""}]"
7,임시저장,S487327,제조업체,Kyungin Chemical,,0228529738,205528039,KR: 한국,13: Seoul,"14 Sejong-daero, Jung-gu, Seoul, Seoul 04524",서울특별시 중구 세종대로 14 (04524),37.566295,126.976889,HF06,2026-08-15,협력사등록,"14 Sejong-daero, Jung-gu, Seoul, Seoul 04524",Kyungin Chemical,검증 완료,VERIFIED_GEOCODE_RELAXED,"표준·기존 좌표 정합, 표준좌표 TextSearch 매칭(반경 완화)",37.566295,126.976889,mockT:seoul:14-sejong-daero-jung-gu,https://www.google.com/maps/place/?q=place_id:mockT:seoul:14-sejong-daero-jung-gu,"[{""types"": [""route""], ""long_text"": ""14 Sejong-daero, Jung-gu"", ""short_text"": ""14 Sejong-daero, Jung-gu"", ""language_code"": ""en"", ""source_api"": ""places_new""}, {""types"": [""locality""], ""long_text"": ""Seoul"", ""short_text"": ""Seoul"", ""language_code"": ""en"", ""source_api"": ""places_new""}, {""types"": [""administrative_area_level_1""], ""long_text"": ""Seoul"", ""short_text"": ""Seoul"", ""language_code"": ""en"", ""source_api"": ""places_new""}, {""types"": [""country""], ""long_text"": ""한국"", ""short_text"": ""KR"", ""language_code"": ""en"", ""source_api"": ""places_new""}, {""types"": [""postal_code""], ""long_text"": ""04524"", ""short_text"": ""04524"", ""language_code"": ""en"", ""source_api"": ""places_new""}]"
11,등록확정,S732752,제조업체,Summit ElectronicsLtd.,,6466923549,68-498-1471,US: 미국,IL: Illinois,"875 N Michigan Avenue, Chicago","875 N Michigan Avenue, 60611 Chicago",41.898780,-87.623380,PICD,2025-02-25,Factory Information,"875 N Michigan Avenue, Chicago, Illinois 60611",Summit Electronics,검증 완료,VERIFIED_GEOCODE_RELAXED,"표준·기존 좌표 정합, 표준좌표 TextSearch 매칭(반경 완화)",41.898780,-87.623380,mockT:chicago:875-n-michigan-avenue,https://www.google.com/maps/place/?q=place_id:mockT:chicago:875-n-michigan-avenue,"[{""types"": [""route""], ""long_text"": ""875 N Michigan Avenue"", ""short_text"": ""875 N Michigan Avenue"", ""language_code"": ""en"", ""source_api"": ""places_new""}, {""types"": [""locality""], ""long_text"": ""Chicago"", ""short_text"": ""Chicago"", ""language_code"": ""en"", ""source_api"": ""places_new""}, {""types"": [""administrative_area_level_1""], ""long_text"": ""Illinois"", ""short_text"": ""Illinois"", ""language_code"": ""en"", ""source_api"": ""places_new""}, {""types"": [""country""], ""long_text"": ""미국"", ""short_text"": ""US"", ""language_code"": ""en"", ""source_api"": ""places_new""}, {""types"": [""postal_code""], ""long_text"": ""60611"", ""short_text"": ""60611"", ""language_code"": ""en"", ""source_api"": ""places_new""}]"
6,등록확정,S087270,제조업체,日本精密,,3138047847,53-421-5096,JP: 일본,13: Tokyo,"墨田区押上1-1-2, Tokyo 131-0045",131-0045 東京都墨田区押上1-1-2,35.710060,139.810700,N6KC,2024-11-10,Supply Tree,"1-1-2 Oshiage, Sumida-ku, Tokyo, Tokyo 131-0045",日本精密,검증 완료,VERIFIED_PLACEID_MATCH,place_id 동일 → 좌표 오차로 판단(기존좌표 오류 가능),35.712060,139.810700,mockG:tokyo:1-1-2-oshiage-sumida-ku,https://www.google.com/maps/place/?q=place_id:mockG:tokyo:1-1-2-oshiage-sumida-ku,"[{""types"": [""street_number""], ""long_text"": ""1-1-2"", ""short_text"": ""1-1-2"", ""language_code"": null, ""source_api"": ""geocoding""}, {""types"": [""route""], ""long_text"": ""1-1-2 Oshiage, Sumida-ku"", ""short_text"": ""1-1-2 Oshiage, Sumida-ku"", ""language_code"": null, ""source_api"": ""geocoding""}, {""types"": [""locality""], ""long_text"": ""Tokyo"", ""short_text"": ""Tokyo"", ""language_code"": null, ""source_api"": ""geocoding""}, {""types"": [""administrative_area_level_1""], ""long_text"": ""Tokyo"", ""short_text"": ""Tokyo"", ""language_code"": null, ""source_api"": ""geocoding""}, {""types"": [""country""], ""long_text"": ""일본"", ""short_text"": ""JP"", ""language_code"": null, ""source_api"": ""geocoding""}, {""types"": [""postal_code""], ""long_text"": ""131-0045"", ""short_text"": ""131-0045"", ""language_code"": null, ""source_api"": ""geocoding""}]"
8,재검토요청,S765237,제조업체,Jinnwoo Semiconductor,,3451591553,45-175-2137,KR: 한국,13: Seoul,"Seoul, Seoul",서울특별시 영등포구 여의대로 128 (07320),37.525651,126.924191,KSGR,2024-09-17,협력사등록,"128 Yeoui-daero, Yeongdeungpo-gu, Seoul, Seoul 07320",Jinnwoo Semiconductor,검증 완료,VERIFIED_PLACEID_MATCH,place_id 동일 → 좌표 오차로 판단(기존좌표 오류 가능) | (영문 주소 경로: UNVERIFIED_PLACEID_MISMATCH),37.527651,126.924191,mockG:seoul:128-yeoui-daero-yeongdeungpo-gu,https://www.google.com/maps/place/?q=place_id:mockG:seoul:128-yeoui-daero-yeongdeungpo-gu,"[{""types"": [""street_number""], ""long_text"": ""128"", ""short_text"": ""128"", ""language_code"": null, ""source_api"": ""geocoding""}, {""types"": [""route""], ""long_text"": ""128 Yeoui-daero, Yeongdeungpo-gu"", ""short_text"": ""128 Yeoui-daero, Yeongdeungpo-gu"", ""language_code"": null, ""source_api"": ""geocoding""}, {""types"": [""locality""], ""long_text"": ""Seoul"", ""short_text"": ""Seoul"", ""language_code"": null, ""source_api"": ""geocoding""}, {""types"": [""administrative_area_level_1""], ""long_text"": ""Seoul"", ""short_text"": ""Seoul"", ""language_code"": null, ""source_api"": ""geocoding""}, {""types"": [""country""], ""long_text"": ""한국"", ""short_text"": ""KR"", ""language_code"": null, ""source_api"": ""geocoding""}, {""types"": [""postal_code""], ""long_text"": ""07320"", ""short_text"": ""07320"", ""language_code"": null, ""source_api"": ""geocoding""}]"
25,임시저장,S471861,제조업체,DAIWA ELECTRONICS,,1713281918,745006239,JP: 일본,13: Tokyo,"1-1-2 Oshiage, Sumida-ku, Tokyo, Tokyo 131-0045",131-0045 東京都墨田区押上1-1-2,35.710060,139.810700,QW2Q,2024-11-22,원 메이커,"1-1-2 Oshiage, Sumida-ku, Tokyo, Tokyo 131-0045",DAIWA ELECTRONICS,검증 완료,VERIFIED_PLACEID_MATCH,place_id 동일 → 좌표 오차로 판단(기존좌표 오류 가능),35.712060,139.810700,mockG:tokyo:1-1-2-oshiage-sumida-ku,https://www.google.com/maps/place/?q=place_id:mockG:tokyo:1-1-2-oshiage-sumida-ku,"[{""types"": [""street_number""], ""long_text"": ""1-1-2"", ""short_text"": ""1-1-2"", ""language_code"": null, ""source_api"": ""geocoding""}, {""types"": [""route""], ""long_text"": ""1-1-2 Oshiage, Sumida-ku"", ""short_text"": ""1-1-2 Oshiage, Sumida-ku"", ""language_code"": null, ""source_api"": ""geocoding""}, {""types"": [""locality""], ""long_text"": ""Tokyo"", ""short_text"": ""Tokyo"", ""language_code"": null, ""source_api"": ""geocoding""}, {""types"": [""administrative_area_level_1""], ""long_text"": ""Tokyo"", ""short_text"": ""Tokyo"", ""language_code"": null, ""source_api"": ""geocoding""}, {""types"": [""country""], ""long_text"": ""일본"", ""short_text"": ""JP"", ""language_code"": null, ""source_api"": ""geocoding""}, {""types"": [""postal_code""], ""long_text"": ""131-0045"", ""short_text"": ""131-0045"", ""language_code"": null, ""source_api"": ""geocoding""}]"
9,검증중,S116176,공항,Toyo Materials,NRT,1933738149,019596428,JP: 일본,23: Aichi,"1-1-4 Meieki, Nakamura-ku, Nagoya, Aichi 450-0002",450-0002 愛知県名古屋市中村区名駅1-1-4,35.170920,136.881637,IEFG,2026-04-22,협력사등록,"1-1-4 Meieki, Nakamura-ku, Nagoya, Aichi 450-0002",Toyo Materials,검증 완료,VERIFIED_COORD_DIRECT,"지오코딩 실패, 기존좌표 TextSearch로 매칭",35.170920,136.881637,mockT:nagoya:1-1-4-meieki-nakamura-ku,https://www.google.com/maps/place/?q=place_id:mockT:nagoya:1-1-4-meieki-nakamura-ku,"[{""types"": [""route""], ""long_text"": ""1-1-4 Meieki, Nakamura-ku"", ""short_text"": ""1-1-4 Meieki, Nakamura-ku"", ""language_code"": ""en"", ""source_api"": ""places_new""}, {""types"": [""locality""], ""long_text"": ""Nagoya"", ""short_text"": ""Nagoya"", ""language_code"": ""en"", ""source_api"": ""places_new""}, {""types"": [""administrative_area_level_1""], ""long_text"": ""Aichi"", ""short_text"": ""Aichi"", ""language_code"": ""en"", ""source_api"": ""places_new""}, {""types"": [""country""], ""long_text"": ""일본"", ""short_text"": ""JP"", ""language_code"": ""en"", ""source_api"": ""places_new""}, {""types"": [""postal_code""], ""long_text"": ""450-0002"", ""short_text"": ""450-0002"", ""language_code"": ""en"", ""source_api"": ""places_new""}]"
10,검증중,S624710,제조업체,旭部品有限会社,,2192854776,90-045-3127,JP: 일본,23: Aichi,"1-1-4 Meieki, Nakamura-ku, Nagoya",450-0002 愛知県名古屋市中村区名駅1-1-4,35.170920,136.881637,YWT9,2025-10-05,협력사등록,"1-1-4 Meieki, Nakamura-ku, Nagoya, Aichi 450-0002",旭部品,검증 완료,VERIFIED_COORD_DIRECT,"지오코딩 실패, 기존좌표 TextSearch로 매칭",35.170920,136.881637,mockT:nagoya:1-1-4-meieki-nakamura-ku,https://www.google.com/maps/place/?q=place_id:mockT:nagoya:1-1-4-meieki-nakamura-ku,"[{""types"": [""route""], ""long_text"": ""1-1-4 Meieki, Nakamura-ku"", ""short_text"": ""1-1-4 Meieki, Nakamura-ku"", ""language_code"": ""en"", ""source_api"": ""places_new""}, {""types"": [""locality""], ""long_text"": ""Nagoya"", ""short_text"": ""Nagoya"", ""language_code"": ""en"", ""source_api"": ""places_new""}, {""types"": [""administrative_area_level_1""], ""long_text"": ""Aichi"", ""short_text"": ""Aichi"", ""language_code"": ""en"", ""source_api"": ""places_new""}, {""types"": [""country""], ""long_text"": ""일본"", ""short_text"": ""JP"", ""language_code"": ""en"", ""source_api"": ""places_new""}, {""types"": [""postal_code""], ""long_text"": ""450-0002"", ""short_text"": ""450-0002"", ""language_code"": ""en"", ""source_api"": ""places_new""}]"
12,임시저장,S231065,제조업체,KYUNGIN CHEMICAL,,5412512813,80-125-9460,KR: 한국,12: Busan,"120 Jungang-daero, Jung-gu, Busan",부산광역시 중구 중앙대로 120 (48943),35.106321,129.032630,RO5H,2026-08-26,Supply Tree,"120 Jungang-daero, Jung-gu, Busan, Busan 48943",KYUNGIN CHEMICAL,검증 완료,VERIFIED_COORD_DIRECT,"지오코딩 실패, 기존좌표 TextSearch로 매칭",35.106321,129.032630,mockT:busan:120-jungang-daero-jung-gu,https://www.google.com/maps/place/?q=place_id:mockT:busan:120-jungang-daero-jung-gu,"[{""types"": [""route""], ""long_text"": ""120 Jungang-daero, Jung-gu"", ""short_text"": ""120 Jungang-daero, Jung-gu"", ""language_code"": ""en"", ""source_api"": ""places_new""}, {""types"": [""locality""], ""long_text"": ""Busan"", ""short_text"": ""Busan"", ""language_code"": ""en"", ""source_api"": ""places_new""}, {""types"": [""administrative_area_level_1""], ""long_text"": ""Busan"", ""short_text"": ""Busan"", ""language_code"": ""en"", ""source_api"": ""places_new""}, {""types"": [""country""], ""long_text"": ""한국"", ""short_text"": ""KR"", ""language_code"": ""en"", ""source_api"": ""places_new""}, {""types"": [""postal_code""], ""long_text"": ""48943"", ""short_text"": ""48943"", ""language_code"": ""en"", ""source_api"": ""places_new""}]"
13,등록확정,S260648,공항,경인화학(주),PUS,6715662752,93-931-0371,KR: 한국,09: Gyeonggi-do,"1 Samsung-ro, Yeongtong-gu, Suwon",경기도 수원시 영통구 삼성로 1 (16677),37.257356,127.052550,KMQR,2024-07-17,Factory Information,"1 Samsung-ro, Yeongtong-gu, Suwon, Gyeonggi-do 16677",경인화학,검증 완료,VERIFIED_PROXIMITY_MATCH,place_id는 다르나 두 위치가 근접 → 동일 부지로 판단,37.259356,127.052550,mockG:suwon:1-samsung-ro-yeongtong-gu,https://www.google.com/maps/place/?q=place_id:mockG:suwon:1-samsung-ro-yeongtong-gu,"[{""types"": [""street_number""], ""long_text"": ""1"", ""short_text"": ""1"", ""language_code"": null, ""source_api"": ""geocoding""}, {""types"": [""route""], ""long_text"": ""1 Samsung-ro, Yeongtong-gu"", ""short_text"": ""1 Samsung-ro, Yeongtong-gu"", ""language_code"": null, ""source_api"": ""geocoding""}, {""types"": [""locality""], ""long_text"": ""Suwon"", ""short_text"": ""Suwon"", ""language_code"": null, ""source_api"": ""geocoding""}, {""types"": [""administrative_area_level_1""], ""long_text"": ""Gyeonggi-do"", ""short_text"": ""Gyeonggi-do"", ""language_code"": null, ""source_api"": ""geocoding""}, {""types"": [""country""], ""long_text"": ""한국"", ""short_text"": ""KR"", ""language_code"": null, ""source_api"": ""geocoding""}, {""types"": [""postal_code""], ""long_text"": ""16677"", ""short_text"": ""16677"", ""language_code"": null, ""source_api"": ""geocoding""}]"
68,검증중,S700970,제조업체,Daeyang Electronics,,2871838211,678738435,KR: 한국,09: Gyeonggi-do,"1 Samsung-ro, Yeongtong-gu, Suwon, Gyeonggi-do 16677",경기도 수원시 영통구 삼성로 1 (16677),37.257356,127.052550,QPEZ,2025-04-25,Supply Tree,"1 Samsung-ro, Yeongtong-gu, Suwon, Gyeonggi-do 16677",Daeyang Electronics,검증 완료,VERIFIED_PROXIMITY_MATCH,place_id는 다르나 두 위치가 근접 → 동일 부지로 판단,37.259356,127.052550,mockG:suwon:1-samsung-ro-yeongtong-gu,https://www.google.com/maps/place/?q=place_id:mockG:suwon:1-samsung-ro-yeongtong-gu,"[{""types"": [""street_number""], ""long_text"": ""1"", ""short_text"": ""1"", ""language_code"": null, ""source_api"": ""geocoding""}, {""types"": [""route""], ""long_text"": ""1 Samsung-ro, Yeongtong-gu"", ""short_text"": ""1 Samsung-ro, Yeongtong-gu"", ""language_code"": null, ""source_api"": ""geocoding""}, {""types"": [""locality""], ""long_text"": ""Suwon"", ""short_text"": ""Suwon"", ""language_code"": null, ""source_api"": ""geocoding""}, {""types"": [""administrative_area_level_1""], ""long_text"": ""Gyeonggi-do"", ""short_text"": ""Gyeonggi-do"", ""language_code"": null, ""source_api"": ""geocoding""}, {""types"": [""country""], ""long_text"": ""한국"", ""short_text"": ""KR"", ""language_code"": null, ""source_api"": ""geocoding""}, {""types"": [""postal_code""], ""long_text"": ""16677"", ""short_text"": ""16677"", ""language_code"": null, ""source_api"": ""geocoding""}]"
88,등록확정,S602814,제조업체,Kyungi Chemical,,0978843072,187925542,KR: 한국,09: Gyeonggi-do,"1 Samsung-ro, Yeongtong-gu, Suwon",경기도 수원시 영통구 삼성로 1 (16677),37.257356,127.052550,HITA,2026-03-24,원 메이커,"1 Samsung-ro, Yeongtong-gu, Suwon, Gyeonggi-do 16677",Kyungi Chemical,검증 완료,VERIFIED_PROXIMITY_MATCH,place_id는 다르나 두 위치가 근접 → 동일 부지로 판단,37.259356,127.052550,mockG:suwon:1-samsung-ro-yeongtong-gu,https://www.google.com/maps/place/?q=place_id:mockG:suwon:1-samsung-ro-yeongtong-gu,"[{""types"": [""street_number""], ""long_text"": ""1"", ""short_text"": ""1"", ""language_code"": null, ""source_api"": ""geocoding""}, {""types"": [""route""], ""long_text"": ""1 Samsung-ro, Yeongtong-gu"", ""short_text"": ""1 Samsung-ro, Yeongtong-gu"", ""language_code"": null, ""source_api"": ""geocoding""}, {""types"": [""locality""], ""long_text"": ""Suwon"", ""short_text"": ""Suwon"", ""language_code"": null, ""source_api"": ""geocoding""}, {""types"": [""administrative_area_level_1""], ""long_text"": ""Gyeonggi-do"", ""short_text"": ""Gyeonggi-do"", ""language_code"": null, ""source_api"": ""geocoding""}, {""types"": [""country""], ""long_text"": ""한국"", ""short_text"": ""KR"", ""language_code"": null, ""source_api"": ""geocoding""}, {""types"": [""postal_code""], ""long_text"": ""16677"", ""short_text"": ""16677"", ""language_code"": null, ""source_api"": ""geocoding""}]"
17,등록확정,S607790,제조업체,Jinwoo Semiconductor,,9833680374,912631546,KR: 한국,09: Gyeonggi-do,"152 Gwanggyo-ro, Yeongtong-gu, Suwon, Gyeonggi-do 16229",경기도 수원시 영통구 광교로 152 (16229),37.287280,127.046370,CSRO,2026-09-07,Factory Information,"152 Gwanggyo-ro, Yeongtong-gu, Suwon, Gyeonggi-do 16229",Jinwoo Semiconductor,확인 필요,UNVERIFIED_PLACEID_MISMATCH,표준·기존 좌표에서 서로 다른 업체 발견 → 동명이업체/위치오류 의심(두 후보 제시),37.289280,127.046370,,https://www.google.com/maps/search/?api=1&query=Jinwoo%20Semiconductor%20%EA%B2%BD%EA%B8%B0%EB%8F%84%20%EC%88%98%EC%9B%90%EC%8B%9C%20%EC%98%81%ED%86%B5%EA%B5%AC%20%EA%B4%91%EA%B5%90%EB%A1%9C%20152%20%2816229%29,"[{""types"": [""street_number""], ""long_text"": ""152"", ""short_text"": ""152"", ""language_code"": null, ""source_api"": ""geocoding""}, {""types"": [""route""], ""long_text"": ""152 Gwanggyo-ro, Yeongtong-gu"", ""short_text"": ""152 Gwanggyo-ro, Yeongtong-gu"", ""language_code"": null, ""source_api"": ""geocoding""}, {""types"": [""locality""], ""long_text"": ""Suwon"", ""short_text"": ""Suwon"", ""language_code"": null, ""source_api"": ""geocoding""}, {""types"": [""administrative_area_level_1""], ""long_text"": ""Gyeonggi-do"", ""short_text"": ""Gyeonggi-do"", ""language_code"": null, ""source_api"": ""geocoding""}, {""types"": [""country""], ""long_text"": ""한국"", ""short_text"": ""KR"", ""language_code"": null, ""source_api"": ""geocoding""}, {""types"": [""postal_code""], ""long_text"": ""16229"", ""short_text"": ""16229"", ""language_code"": null, ""source_api"": ""geocoding""}, {""types"": [""route""], ""long_text"": ""152 Gwanggyo-ro, Yeongtong-gu"", ""short_text"": ""152 Gwanggyo-ro, Yeongtong-gu"", ""language_code"": ""en"", ""source_api"": ""places_new""}, {""types"": [""locality""], ""long_text"": ""Suwon"", ""short_text"": ""Suwon"", ""language_code"": ""en"", ""source_api"": ""places_new""}, {""types"": [""administrative_area_level_1""], ""long_text"": ""Gyeonggi-do"", ""short_text"": ""Gyeonggi-do"", ""language_code"": ""en"", ""source_api"": ""places_new""}, {""types"": [""country""], ""long_text"": ""한국"", ""short_text"": ""KR"", ""language_code"": ""en"", ""source_api"": ""places_new""}, {""types"": [""postal_code""], ""long_text"": ""16229"", ""short_text"": ""16229"", ""language_code"": ""en"", ""source_api"": ""places_new""}]"
18,임시저장,S279732,제조업체,Sakura Denshi,,2794182539,963937712,JP: 일본,27: Osaka,"2-1-33 Nishishinsaibashi, Chuo-ku, Osaka, Osaka 542-0086",542-0086 大阪府中央区西心斎橋2-1-33,34.671870,135.499750,T21X,2025-05-14,Factory Information,"2-1-33 Nishishinsaibashi, Chuo-ku, Osaka, Osaka 542-0086",Sakura Denshi,확인 필요,UNVERIFIED_PLACEID_MISMATCH,표준·기존 좌표에서 서로 다른 업체 발견 → 동명이업체/위치오류 의심(두 후보 제시),34.673870,135.499750,,https://www.google.com/maps/search/?api=1&query=Sakura%20Denshi%20542-0086%20%E5%A4%A7%E9%98%AA%E5%BA%9C%E4%B8%AD%E5%A4%AE%E5%8C%BA%E8%A5%BF%E5%BF%83%E6%96%8E%E6%A9%8B2-1-33,"[{""types"": [""street_number""], ""long_text"": ""2-1-33"", ""short_text"": ""2-1-33"", ""language_code"": null, ""source_api"": ""geocoding""}, {""types"": [""route""], ""long_text"": ""2-1-33 Nishishinsaibashi, Chuo-ku"", ""short_text"": ""2-1-33 Nishishinsaibashi, Chuo-ku"", ""language_code"": null, ""source_api"": ""geocoding""}, {""types"": [""locality""], ""long_text"": ""Osaka"", ""short_text"": ""Osaka"", ""language_code"": null, ""source_api"": ""geocoding""}, {""types"": [""administrative_area_level_1""], ""long_text"": ""Osaka"", ""short_text"": ""Osaka"", ""language_code"": null, ""source_api"": ""geocoding""}, {""types"": [""country""], ""long_text"": ""일본"", ""short_text"": ""JP"", ""language_code"": null, ""source_api"": ""geocoding""}, {""types"": [""postal_code""], ""long_text"": ""542-0086"", ""short_text"": ""542-0086"", ""language_code"": null, ""source_api"": ""geocoding""}, {""types"": [""route""], ""long_text"": ""2-1-33 Nishishinsaibashi, Chuo-ku"", ""short_text"": ""2-1-33 Nishishinsaibashi, Chuo-ku"", ""language_code"": ""en"", ""source_api"": ""places_new""}, {""types"": [""locality""], ""long_text"": ""Osaka"", ""short_text"": ""Osaka"", ""language_code"": ""en"", ""source_api"": ""places_new""}, {""types"": [""administrative_area_level_1""], ""long_text"": ""Osaka"", ""short_text"": ""Osaka"", ""language_code"": ""en"", ""source_api"": ""places_new""}, {""types"": [""country""], ""long_text"": ""일본"", ""short_text"": ""JP"", ""language_code"": ""en"", ""source_api"": ""places_new""}, {""types"": [""postal_code""], ""long_text"": ""542-0086"", ""short_text"": ""542-0086"", ""language_code"": ""en"", ""source_api"": ""places_new""}]"
32,등록확정,S023001,제조업체,Sakura Denshi,,6938531525,19-392-1171,JP: 일본,27: Osaka,"2-1-33 Nishishinsaibashi, Chuo-ku, Osaka, Osaka 542-0086",542-0086 大阪府中央区西心斎橋2-1-33,34.671870,135.499750,B8Y7,2026-07-22,원 메이커,"2-1-33 Nishishinsaibashi, Chuo-ku, Osaka, Osaka 542-0086",Sakura Denshi,확인 필요,UNVERIFIED_PLACEID_MISMATCH,표준·기존 좌표에서 서로 다른 업체 발견 → 동명이업체/위치오류 의심(두 후보 제시),34.673870,135.499750,,https://www.google.com/maps/search/?api=1&query=Sakura%20Denshi%20542-0086%20%E5%A4%A7%E9%98%AA%E5%BA%9C%E4%B8%AD%E5%A4%AE%E5%8C%BA%E8%A5%BF%E5%BF%83%E6%96%8E%E6%A9%8B2-1-33,"[{""types"": [""street_number""], ""long_text"": ""2-1-33"", ""short_text"": ""2-1-33"", ""language_code"": null, ""source_api"": ""geocoding""}, {""types"": [""route""], ""long_text"": ""2-1-33 Nishishinsaibashi, Chuo-ku"", ""short_text"": ""2-1-33 Nishishinsaibashi, Chuo-ku"", ""language_code"": null, ""source_api"": ""geocoding""}, {""types"": [""locality""], ""long_text"": ""Osaka"", ""short_text"": ""Osaka"", ""language_code"": null, ""source_api"": ""geocoding""}, {""types"": [""administrative_area_level_1""], ""long_text"": ""Osaka"", ""short_text"": ""Osaka"", ""language_code"": null, ""source_api"": ""geocoding""}, {""types"": [""country""], ""long_text"": ""일본"", ""short_text"": ""JP"", ""language_code"": null, ""source_api"": ""geocoding""}, {""types"": [""postal_code""], ""long_text"": ""542-0086"", ""short_text"": ""542-0086"", ""language_code"": null, ""source_api"": ""geocoding""}, {""types"": [""route""], ""long_text"": ""2-1-33 Nishishinsaibashi, Chuo-ku"", ""short_text"": ""2-1-33 Nishishinsaibashi, Chuo-ku"", ""language_code"": ""en"", ""source_api"": ""places_new""}, {""types"": [""locality""], ""long_text"": ""Osaka"", ""short_text"": ""Osaka"", ""language_code"": ""en"", ""source_api"": ""places_new""}, {""types"": [""administrative_area_level_1""], ""long_text"": ""Osaka"", ""short_text"": ""Osaka"", ""language_code"": ""en"", ""source_api"": ""places_new""}, {""types"": [""country""], ""long_text"": ""일본"", ""short_text"": ""JP"", ""language_code"": ""en"", ""source_api"": ""places_new""}, {""types"": [""postal_code""], ""long_text"": ""542-0086"", ""short_text"": ""542-0086"", ""language_code"": ""en"", ""source_api"": ""places_new""}]"
34,등록확정,S408382,제조업체,东方精密,,9180798676,73-293-8037,CN: 중국,020: Shanghai,"1000 Century Avenue, Pudong New District, Shanghai",上海市浦东新区世纪大道1000号 200120,31.233705,121.524621,O7PN,2025-07-03,협력사등록,"1000 Century Avenue, Pudong New District, Shanghai, Shanghai 200120",东方精密,확인 필요,UNVERIFIED_REVERSE_GEOCODE_ONLY,"지오코딩·TextSearch 모두 실패, Reverse Geocoding으로 주소만 확보",31.233705,121.524621,,https://www.google.com/maps/search/?api=1&query=%E4%B8%9C%E6%96%B9%E7%B2%BE%E5%AF%86%201000%20Century%20Avenue%2C%20Pudong%20New%20District%2C%20Shanghai%2C%20Shanghai%20200120,"[{""types"": [""street_number""], ""long_text"": ""1000"", ""short_text"": ""1000"", ""language_code"": null, ""source_api"": ""geocoding""}, {""types"": [""route""], ""long_text"": ""1000 Century Avenue, Pudong New District"", ""short_text"": ""1000 Century Avenue, Pudong New District"", ""language_code"": null, ""source_api"": ""geocoding""}, {""types"": [""locality""], ""long_text"": ""Shanghai"", ""short_text"": ""Shanghai"", ""language_code"": null, ""source_api"": ""geocoding""}, {""types"": [""administrative_area_level_1""], ""long_text"": ""Shanghai"", ""short_text"": ""Shanghai"", ""language_code"": null, ""source_api"": ""geocoding""}, {""types"": [""country""], ""long_text"": ""중국"", ""short_text"": ""CN"", ""language_code"": null, ""source_api"": ""geocoding""}, {""types"": [""postal_code""], ""long_text"": ""200120"", ""short_text"": ""200120"", ""language_code"": null, ""source_api"": ""geocoding""}]"
44,재검토요청,S641860,제조업체,Jinlong Semiconductor,,2819705897,603726419,CN: 중국,020: Shanghai,"1000 Century Avenue, Pudong New District, Shanghai, Shanghai 200120",上海市浦东新区世纪大道1000号 200120,31.233705,121.524621,AWFD,2024-06-12,협력사등록,"1000 Century Avenue, Pudong New District, Shanghai, Shanghai 200120",Jinlong Semiconductor,확인 필요,UNVERIFIED_REVERSE_GEOCODE_ONLY,"지오코딩·TextSearch 모두 실패, Reverse Geocoding으로 주소만 확보",31.233705,121.524621,,https://www.google.com/maps/search/?api=1&query=Jinlong%20Semiconductor%201000%20Century%20Avenue%2C%20Pudong%20New%20District%2C%20Shanghai%2C%20Shanghai%20200120,"[{""types"": [""street_number""], ""long_text"": ""1000"", ""short_text"": ""1000"", ""language_code"": null, ""source_api"": ""geocoding""}, {""types"": [""route""], ""long_text"": ""1000 Century Avenue, Pudong New District"", ""short_text"": ""1000 Century Avenue, Pudong New District"", ""language_code"": null, ""source_api"": ""geocoding""}, {""types"": [""locality""], ""long_text"": ""Shanghai"", ""short_text"": ""Shanghai"", ""language_code"": null, ""source_api"": ""geocoding""}, {""types"": [""administrative_area_level_1""], ""long_text"": ""Shanghai"", ""short_text"": ""Shanghai"", ""language_code"": null, ""source_api"": ""geocoding""}, {""types"": [""country""], ""long_text"": ""중국"", ""short_text"": ""CN"", ""language_code"": null, ""source_api"": ""geocoding""}, {""types"": [""postal_code""], ""long_text"": ""200120"", ""short_text"": ""200120"", ""language_code"": null, ""source_api"": ""geocoding""}]"
58,검증중,S551271,항구,Dongfang Preciion,CNSZX,2457482031,49-876-3486,CN: 중국,020: Shanghai,"1000 Century Avenue, Pudong New District, Shanghai",上海市浦东新区世纪大道1000号 200120,31.233705,121.524621,L3CL,2025-08-10,Supply Tree,"1000 Century Avenue, Pudong New District, Shanghai, Shanghai 200120",Dongfang Preciion,확인 필요,UNVERIFIED_REVERSE_GEOCODE_ONLY,"지오코딩·TextSearch 모두 실패, Reverse Geocoding으로 주소만 확보",31.233705,121.524621,,https://www.google.com/maps/search/?api=1&query=Dongfang%20Preciion%201000%20Century%20Avenue%2C%20Pudong%20New%20District%2C%20Shanghai%2C%20Shanghai%20200120,"[{""types"": [""street_number""], ""long_text"": ""1000"", ""short_text"": ""1000"", ""language_code"": null, ""source_api"": ""geocoding""}, {""types"": [""route""], ""long_text"": ""1000 Century Avenue, Pudong New District"", ""short_text"": ""1000 Century Avenue, Pudong New District"", ""language_code"": null, ""source_api"": ""geocoding""}, {""types"": [""locality""], ""long_text"": ""Shanghai"", ""short_text"": ""Shanghai"", ""language_code"": null, ""source_api"": ""geocoding""}, {""types"": [""administrative_area_level_1""], ""long_text"": ""Shanghai"", ""short_text"": ""Shanghai"", ""language_code"": null, ""source_api"": ""geocoding""}, {""types"": [""country""], ""long_text"": ""중국"", ""short_text"": ""CN"", ""language_code"": null, ""source_api"": ""geocoding""}, {""types"": [""postal_code""], ""long_text"": ""200120"", ""short_text"": ""200120"", ""language_code"": null, ""source_api"": ""geocoding""}]"
1-A,재검토요청,S448903,제조업체,한라정밀,,5076197511,321872374,KR: 한국,13: Seoul,"중구 을지로 26, Seoul 04539",서울특별시 중구 을지로 26 (04539),,,D7DQ,2026-02-11,원 메이커,"26 Euljiro, Jung-gu, Seoul, Seoul 04539",한라정밀,확인 필요,UNVERIFIED_NOT_FOUND,지오코딩은 성공했으나 TextSearch(좌표·주소텍스트)에서 업체 미발견,37.566010,126.982877,,https://www.google.com/maps/search/?api=1&query=%ED%95%9C%EB%9D%BC%EC%A0%95%EB%B0%80%20%EC%A4%91%EA%B5%AC%20%EC%9D%84%EC%A7%80%EB%A1%9C%2026%2C%20Seoul%2004539,"[{""types"": [""street_number""], ""long_text"": ""26"", ""short_text"": ""26"", ""language_code"": null, ""source_api"": ""geocoding""}, {""types"": [""route""], ""long_text"": ""26 Euljiro, Jung-gu"", ""short_text"": ""26 Euljiro, Jung-gu"", ""language_code"": null, ""source_api"": ""geocoding""}, {""types"": [""locality""], ""long_text"": ""Seoul"", ""short_text"": ""Seoul"", ""language_code"": null, ""source_api"": ""geocoding""}, {""types"": [""administrative_area_level_1""], ""long_text"": ""Seoul"", ""short_text"": ""Seoul"", ""language_code"": null, ""source_api"": ""geocoding""}, {""types"": [""country""], ""long_text"": ""한국"", ""short_text"": ""KR"", ""language_code"": null, ""source_api"": ""geocoding""}, {""types"": [""postal_code""], ""long_text"": ""04539"", ""short_text"": ""04539"", ""language_code"": null, ""source_api"": ""geocoding""}]"
3-A,검증중,S549561,제조업체,Huaxin Technology,,2390749180,25-927-1009,CN: 중국,440: Guangdong,"10000 Shennan Avenue, Futian District, Shenzhen, Guangdong 518000",广东省深圳市福田区深南大道10000号 518000,,,DE4I,2026-06-07,Factory Information,"10000 Shennan Avenue, Futian District, Shenzhen, Guangdong 518000",Huaxin Technology,검증 완료,VERIFIED_GEOCODE_DIRECT,"지오코딩 성공, 표준좌표 기준 TextSearch 매칭",22.543611,114.056880,mockT:shenzhen:10000-shennan-avenue-futian-district,https://www.google.com/maps/place/?q=place_id:mockT:shenzhen:10000-shennan-avenue-futian-district,"[{""types"": [""route""], ""long_text"": ""10000 Shennan Avenue, Futian District"", ""short_text"": ""10000 Shennan Avenue, Futian District"", ""language_code"": ""en"", ""source_api"": ""places_new""}, {""types"": [""locality""], ""long_text"": ""Shenzhen"", ""short_text"": ""Shenzhen"", ""language_code"": ""en"", ""source_api"": ""places_new""}, {""types"": [""administrative_area_level_1""], ""long_text"": ""Guangdong"", ""short_text"": ""Guangdong"", ""language_code"": ""en"", ""source_api"": ""places_new""}, {""types"": [""country""], ""long_text"": ""중국"", ""short_text"": ""CN"", ""language_code"": ""en"", ""source_api"": ""places_new""}, {""types"": [""postal_code""], ""long_text"": ""518000"", ""short_text"": ""518000"", ""language_code"": ""en"", ""source_api"": ""places_new""}]"
4-A,임시저장,S918778,제조업체,경인화학주식회사,,1411599780,54-873-2148,KR: 한국,12: Busan,"55 Jung@ng-daero, Dong-gu, Busan, Busan 48821",부산광역시 동구 중앙대로 55 (48821),,,F35E,2025-03-08,원 메이커,"55 Jungang-daero, Dong-gu, Busan, Busan 48821",경인화학,검증 완료,VERIFIED_TEXTSEARCH_ADDR_TEXT,"지오코딩 실패, 업체명+주소텍스트 TextSearch로 매칭(레벨 L1)",,,mockTSA:55-jungang-daero-dong-gu,https://www.google.com/maps/place/?q=place_id:mockTSA:55-jungang-daero-dong-gu,"[{""types"": [""route""], ""long_text"": ""55 Jungang-daero, Dong-gu"", ""short_text"": ""55 Jungang-daero, Dong-gu"", ""language_code"": ""en"", ""source_api"": ""places_new""}, {""types"": [""locality""], ""long_text"": ""Busan"", ""short_text"": ""Busan"", ""language_code"": ""en"", ""source_api"": ""places_new""}, {""types"": [""administrative_area_level_1""], ""long_text"": ""Busan"", ""short_text"": ""Busan"", ""language_code"": ""en"", ""source_api"": ""places_new""}, {""types"": [""country""], ""long_text"": ""한국"", ""short_text"": ""KR"", ""language_code"": ""en"", ""source_api"": ""places_new""}, {""types"": [""postal_code""], ""long_text"": ""48821"", ""short_text"": ""48821"", ""language_code"": ""en"", ""source_api"": ""places_new""}]"
5-A,등록확정,S832753,제조업체,海源部件有限公司,,8988328236,93-011-5992,CN: 중국,440: Guangdong,"1 Keyuan Road, Nanshan District, Shenzhen",广东省深圳市南山区科苑路1号 518057,,,TADT,2025-12-25,Supply Tree,"1 Keyuan Road, Nanshan District, Shenzhen, Guangdong 518057",海源部件,검증 완료,VERIFIED_GEOCODE_RELAXED,"지오코딩 성공, 표준좌표 기준 TextSearch 매칭(반경 완화)",22.537300,113.947700,mockT:shenzhen:1-keyuan-road-nanshan-district,https://www.google.com/maps/place/?q=place_id:mockT:shenzhen:1-keyuan-road-nanshan-district,"[{""types"": [""route""], ""long_text"": ""1 Keyuan Road, Nanshan District"", ""short_text"": ""1 Keyuan Road, Nanshan District"", ""language_code"": ""en"", ""source_api"": ""places_new""}, {""types"": [""locality""], ""long_text"": ""Shenzhen"", ""short_text"": ""Shenzhen"", ""language_code"": ""en"", ""source_api"": ""places_new""}, {""types"": [""administrative_area_level_1""], ""long_text"": ""Guangdong"", ""short_text"": ""Guangdong"", ""language_code"": ""en"", ""source_api"": ""places_new""}, {""types"": [""country""], ""long_text"": ""중국"", ""short_text"": ""CN"", ""language_code"": ""en"", ""source_api"": ""places_new""}, {""types"": [""postal_code""], ""long_text"": ""518057"", ""short_text"": ""518057"", ""language_code"": ""en"", ""source_api"": ""places_new""}]"
9-A,검증중,S116176,공항,Toyo Materials,NRT,1933738149,019596428,JP: 일본,23: Aichi,"1-1-4 Meieki, Nakamura-ku, Nagoya, Aichi 450-0002",450-0002 愛知県名古屋市中村区名駅1-1-4,,,IEFG,2026-04-22,협력사등록,,Toyo Materials,실패,FAILED_ALL_METHODS,좌표 자원이 없는 상태에서 지오코딩·TextSearch 모두 실패,,,,https://www.google.com/maps/search/?api=1&query=Toyo%20Materials%201-1-4%20Meieki%2C%20Nakamura-ku%2C%20Nagoya%2C%20Aichi%20450-0002,
1-B,재검토요청,S448903,제조업체,한라정밀,,5076197511,321872374,KR: 한국,13: Seoul,,,37.566010,126.982877,D7DQ,2026-02-11,원 메이커,"26 Euljiro, Jung-gu, Seoul, Seoul 04539",한라정밀,확인 필요,UNVERIFIED_REVERSE_GEOCODE_ONLY,"TextSearch 실패, Reverse Geocoding으로 주소만 확보(실재 검증 불가)",37.566010,126.982877,,https://www.google.com/maps/search/?api=1&query=%ED%95%9C%EB%9D%BC%EC%A0%95%EB%B0%80%2026%20Euljiro%2C%20Jung-gu%2C%20Seoul%2C%20Seoul%2004539,"[{""types"": [""street_number""], ""long_text"": ""26"", ""short_text"": ""26"", ""language_code"": null, ""source_api"": ""geocoding""}, {""types"": [""route""], ""long_text"": ""26 Euljiro, Jung-gu"", ""short_text"": ""26 Euljiro, Jung-gu"", ""language_code"": null, ""source_api"": ""geocoding""}, {""types"": [""locality""], ""long_text"": ""Seoul"", ""short_text"": ""Seoul"", ""language_code"": null, ""source_api"": ""geocoding""}, {""types"": [""administrative_area_level_1""], ""long_text"": ""Seoul"", ""short_text"": ""Seoul"", ""language_code"": null, ""source_api"": ""geocoding""}, {""types"": [""country""], ""long_text"": ""한국"", ""short_text"": ""KR"", ""language_code"": null, ""source_api"": ""geocoding""}, {""types"": [""postal_code""], ""long_text"": ""04539"", ""short_text"": ""04539"", ""language_code"": null, ""source_api"": ""geocoding""}]"
3-B,검증중,S549561,제조업체,Huaxin Technology,,2390749180,25-927-1009,CN: 중국,440: Guangdong,,,22.543611,114.056880,DE4I,2026-06-07,Factory Information,"10000 Shennan Avenue, Futian District, Shenzhen, Guangdong 518000",Huaxin Technology,검증 완료,VERIFIED_COORD_DIRECT,기존좌표 기준 TextSearch 매칭,22.543611,114.056880,mockT:shenzhen:10000-shennan-avenue-futian-district,https://www.google.com/maps/place/?q=place_id:mockT:shenzhen:10000-shennan-avenue-futian-district,"[{""types"": [""route""], ""long_text"": ""10000 Shennan Avenue, Futian District"", ""short_text"": ""10000 Shennan Avenue, Futian District"", ""language_code"": ""en"", ""source_api"": ""places_new""}, {""types"": [""locality""], ""long_text"": ""Shenzhen"", ""short_text"": ""Shenzhen"", ""language_code"": ""en"", ""source_api"": ""places_new""}, {""types"": [""administrative_area_level_1""], ""long_text"": ""Guangdong"", ""short_text"": ""Guangdong"", ""language_code"": ""en"", ""source_api"": ""places_new""}, {""types"": [""country""], ""long_text"": ""중국"", ""short_text"": ""CN"", ""language_code"": ""en"", ""source_api"": ""places_new""}, {""types"": [""postal_code""], ""long_text"": ""518000"", ""short_text"": ""518000"", ""language_code"": ""en"", ""source_api"": ""places_new""}]"
5-B,등록확정,S832753,제조업체,海源部件有限公司,,8988328236,93-011-5992,CN: 중국,440: Guangdong,,,22.537300,113.947700,TADT,2025-12-25,Supply Tree,"1 Keyuan Road, Nanshan District, Shenzhen, Guangdong 518057",海源部件,검증 완료,VERIFIED_COORD_RELAXED,기존좌표 기준 TextSearch 매칭(반경 완화),22.537300,113.947700,mockT:shenzhen:1-keyuan-road-nanshan-district,https://www.google.com/maps/place/?q=place_id:mockT:shenzhen:1-keyuan-road-nanshan-district,"[{""types"": [""route""], ""long_text"": ""1 Keyuan Road, Nanshan District"", ""short_text"": ""1 Keyuan Road, Nanshan District"", ""language_code"": ""en"", ""source_api"": ""places_new""}, {""types"": [""locality""], ""long_text"": ""Shenzhen"", ""short_text"": ""Shenzhen"", ""language_code"": ""en"", ""source_api"": ""places_new""}, {""types"": [""administrative_area_level_1""], ""long_text"": ""Guangdong"", ""short_text"": ""Guangdong"", ""language_code"": ""en"", ""source_api"": ""places_new""}, {""types"": [""country""], ""long_text"": ""중국"", ""short_text"": ""CN"", ""language_code"": ""en"", ""source_api"": ""places_new""}, {""types"": [""postal_code""], ""long_text"": ""518057"", ""short_text"": ""518057"", ""language_code"": ""en"", ""source_api"": ""places_new""}]"
