No.,Status,Site Code,Site 유형,업체,항구/공항 코드,기업식별 코드,Duns No.,국가/지역,행정구역,주소(Eng),주소(Local),위도,경도,관련 협력사 코드,수정일,Site 출처,STD 주소,STD 업체명
1,재검토요청,S448903,제조업체,한라정밀,,5076197511,321872374,KR: 한국,13: Seoul,"중구 을지로 26, Seoul 04539",서울특별시 중구 을지로 26 (04539),37.566010,126.982877,D7DQ,2026-02-11,원 메이커,,
2,검증중,S620541,항구,日本精密,JPTYO,3530641244,02-442-6764,JP: 일본,13: Tokyo,"2-11-1 Nagatacho, Chiyoda-ku, Tokyo",100-0014 東京都千代田区永田町2-11-1,35.676190,139.744730,C7AY,2026-06-09,Supply Tree,,
37,등록확정,S027465,제조업체,RHEINLAND MATERIALS,,6939474275,62-087-5008,DE: 독일,BY: Bavaria,Marienplatz 8  Munich  Bavaria 80331,"Marienplatz 8, 80331 München",48.137150,11.575490,H4A4,2025-08-26,Supply Tree,,
3,검증중,S549561,제조업체,Huaxin Technology,,2390749180,25-927-1009,CN: 중국,440: Guangdong,"10000 Shennan Avenue, Futian District, Shenzhen, Guangdong 518000",广东省深圳市福田区深南大道10000号 518000,22.543611,114.056880,DE4I,2026-06-07,Factory Information,,
14,검증중,S796334,제조업체,海源部件,,0007853339,040683998,CN: 중국,020: Shanghai,"500 Nanjing Rd., Huangpu District, Shanghai, Shanghai 200001",上海市黄浦区南京路500号 200001,31.235180,121.477500,UM7K,2026-06-05,Factory Information,,
15,재검토요청,S214803,제조업체,zhongsheng electronics,,6166544615,817404771,CN: 중국,100: Jiangsu,200 Xinghai Street  Suzhou  Jiangsu 215028,江苏省苏州市星海街200号 215028,31.322450,120.717800,R4F2,2026-09-08,협력사등록,,
4,임시저장,S918778,제조업체,경인화학주식회사,,1411599780,54-873-2148,KR: 한국,12: Busan,"55 Jung@ng-daero, Dong-gu, Busan, Busan 48821",부산광역시 동구 중앙대로 55 (48821),35.115034,129.041624,F35E,2025-03-08,원 메이커,,
21,검증중,S664560,공항,Sungwoo Materials,ICN,9825457881,344248617,KR: 한국,12: Busan,"55 Jungang-daero, Dong-gu, Busan, Busan 48821",부산광역시 동구 중앙대로 55 (48821),35.115034,129.041624,W9GJ,2025-02-04,Factory Information,,
29,재검토요청,S599124,제조업체,Fuji Handotai,,0445226514,07-352-6627,JP: 일본,23: Aichi,"3-1-1 Sakae, Naka-ku, Nagoya, Aichi 460-0008",460-0008 愛知県名古屋市中区栄3-1-1,35.168060,136.908390,UOPF,2025-12-23,원 메이커,,
5,등록확정,S832753,제조업체,海源部件有限公司,,8988328236,93-011-5992,CN: 중국,440: Guangdong,"1 Keyuan Road, Nanshan District, Shenzhen",广东省深圳市南山区科苑路1号 518057,22.537300,113.947700,TADT,2025-12-25,Supply Tree,,
7,임시저장,S487327,제조업체,Kyungin Chemical,,0228529738,205528039,KR: 한국,13: Seoul,"14 Sejong-daero, Jung-gu, Seoul, Seoul 04524",서울특별시 중구 세종대로 14 (04524),37.566295,126.976889,HF06,2026-08-15,협력사등록,,
11,등록확정,S732752,제조업체,Summit ElectronicsLtd.,,6466923549,68-498-1471,US: 미국,IL: Illinois,"875 N Michigan Avenue, Chicago","875 N Michigan Avenue, 60611 Chicago",41.898780,-87.623380,PICD,2025-02-25,Factory Information,,
6,등록확정,S087270,제조업체,日本精密,,3138047847,53-421-5096,JP: 일본,13: Tokyo,"墨田区押上1-1-2, Tokyo 131-0045",131-0045 東京都墨田区押上1-1-2,35.710060,139.810700,N6KC,2024-11-10,Supply Tree,,
8,재검토요청,S765237,제조업체,Jinnwoo Semiconductor,,3451591553,45-175-2137,KR: 한국,13: Seoul,"Seoul, Seoul",서울특별시 영등포구 여의대로 128 (07320),37.525651,126.924191,KSGR,2024-09-17,협력사등록,,
25,임시저장,S471861,제조업체,DAIWA ELECTRONICS,,1713281918,745006239,JP: 일본,13: Tokyo,"1-1-2 Oshiage, Sumida-ku, Tokyo, Tokyo 131-0045",131-0045 東京都墨田区押上1-1-2,35.710060,139.810700,QW2Q,2024-11-22,원 메이커,,
9,검증중,S116176,공항,Toyo Materials,NRT,1933738149,019596428,JP: 일본,23: Aichi,"1-1-4 Meieki, Nakamura-ku, Nagoya, Aichi 450-0002",450-0002 愛知県名古屋市中村区名駅1-1-4,35.170920,136.881637,IEFG,2026-04-22,협력사등록,,
10,검증중,S624710,제조업체,旭部品有限会社,,2192854776,90-045-3127,JP: 일본,23: Aichi,"1-1-4 Meieki, Nakamura-ku, Nagoya",450-0002 愛知県名古屋市中村区名駅1-1-4,35.170920,136.881637,YWT9,2025-10-05,협력사등록,,
12,임시저장,S231065,제조업체,KYUNGIN CHEMICAL,,5412512813,80-125-9460,KR: 한국,12: Busan,"120 Jungang-daero, Jung-gu, Busan",부산광역시 중구 중앙대로 120 (48943),35.106321,129.032630,RO5H,2026-08-26,Supply Tree,,
13,등록확정,S260648,공항,경인화학(주),PUS,6715662752,93-931-0371,KR: 한국,09: Gyeonggi-do,"1 Samsung-ro, Yeongtong-gu, Suwon",경기도 수원시 영통구 삼성로 1 (16677),37.257356,127.052550,KMQR,2024-07-17,Factory Information,,
68,검증중,S700970,제조업체,Daeyang Electronics,,2871838211,678738435,KR: 한국,09: Gyeonggi-do,"1 Samsung-ro, Yeongtong-gu, Suwon, Gyeonggi-do 16677",경기도 수원시 영통구 삼성로 1 (16677),37.257356,127.052550,QPEZ,2025-04-25,Supply Tree,,
88,등록확정,S602814,제조업체,Kyungi Chemical,,0978843072,187925542,KR: 한국,09: Gyeonggi-do,"1 Samsung-ro, Yeongtong-gu, Suwon",경기도 수원시 영통구 삼성로 1 (16677),37.257356,127.052550,HITA,2026-03-24,원 메이커,,
17,등록확정,S607790,제조업체,Jinwoo Semiconductor,,9833680374,912631546,KR: 한국,09: Gyeonggi-do,"152 Gwanggyo-ro, Yeongtong-gu, Suwon, Gyeonggi-do 16229",경기도 수원시 영통구 광교로 152 (16229),37.287280,127.046370,CSRO,2026-09-07,Factory Information,,
18,임시저장,S279732,제조업체,Sakura Denshi,,2794182539,963937712,JP: 일본,27: Osaka,"2-1-33 Nishishinsaibashi, Chuo-ku, Osaka, Osaka 542-0086",542-0086 大阪府中央区西心斎橋2-1-33,34.671870,135.499750,T21X,2025-05-14,Factory Information,,
32,등록확정,S023001,제조업체,Sakura Denshi,,6938531525,19-392-1171,JP: 일본,27: Osaka,"2-1-33 Nishishinsaibashi, Chuo-ku, Osaka, Osaka 542-0086",542-0086 大阪府中央区西心斎橋2-1-33,34.671870,135.499750,B8Y7,2026-07-22,원 메이커,,
34,등록확정,S408382,제조업체,东方精密,,9180798676,73-293-8037,CN: 중국,020: Shanghai,"1000 Century Avenue, Pudong New District, Shanghai",上海市浦东新区世纪大道1000号 200120,31.233705,121.524621,O7PN,2025-07-03,협력사등록,,
44,재검토요청,S641860,제조업체,Jinlong Semiconductor,,2819705897,603726419,CN: 중국,020: Shanghai,"1000 Century Avenue, Pudong New District, Shanghai, Shanghai 200120",上海市浦东新区世纪大道1000号 200120,31.233705,121.524621,AWFD,2024-06-12,협력사등록,,
58,검증중,S551271,항구,Dongfang Preciion,CNSZX,2457482031,49-876-3486,CN: 중국,020: Shanghai,"1000 Century Avenue, Pudong New District, Shanghai",上海市浦东新区世纪大道1000号 200120,31.233705,121.524621,L3CL,2025-08-10,Supply Tree,,
1-A,재검토요청,S448903,제조업체,한라정밀,,5076197511,321872374,KR: 한국,13: Seoul,"중구 을지로 26, Seoul 04539",서울특별시 중구 을지로 26 (04539),,,D7DQ,2026-02-11,원 메이커,,
3-A,검증중,S549561,제조업체,Huaxin Technology,,2390749180,25-927-1009,CN: 중국,440: Guangdong,"10000 Shennan Avenue, Futian District, Shenzhen, Guangdong 518000",广东省深圳市福田区深南大道10000号 518000,,,DE4I,2026-06-07,Factory Information,,
4-A,임시저장,S918778,제조업체,경인화학주식회사,,1411599780,54-873-2148,KR: 한국,12: Busan,"55 Jung@ng-daero, Dong-gu, Busan, Busan 48821",부산광역시 동구 중앙대로 55 (48821),,,F35E,2025-03-08,원 메이커,,
5-A,등록확정,S832753,제조업체,海源部件有限公司,,8988328236,93-011-5992,CN: 중국,440: Guangdong,"1 Keyuan Road, Nanshan District, Shenzhen",广东省深圳市南山区科苑路1号 518057,,,TADT,2025-12-25,Supply Tree,,
9-A,검증중,S116176,공항,Toyo Materials,NRT,1933738149,019596428,JP: 일본,23: Aichi,"1-1-4 Meieki, Nakamura-ku, Nagoya, Aichi 450-0002",450-0002 愛知県名古屋市中村区名駅1-1-4,,,IEFG,2026-04-22,협력사등록,,
1-B,재검토요청,S448903,제조업체,한라정밀,,5076197511,321872374,KR: 한국,13: Seoul,,,37.566010,126.982877,D7DQ,2026-02-11,원 메이커,,
3-B,검증중,S549561,제조업체,Huaxin Technology,,2390749180,25-927-1009,CN: 중국,440: Guangdong,,,22.543611,114.056880,DE4I,2026-06-07,Factory Information,,
5-B,등록확정,S832753,제조업체,海源部件有限公司,,8988328236,93-011-5992,CN: 중국,440: Guangdong,,,22.537300,113.947700,TADT,2025-12-25,Supply Tree,,
